asset_name,category,collection,scale_meters,poly_count,vertex_count,material_count,texture_status,export_fbx_path,export_glb_path,quality_status,notes
CP_CheckpointBooth_A,Checkpoint_Charlie,CHECKPOINT_Charlie_Final,3.76x3.23x2.95,80186,52580,14,"Optimized: exterior baked 2K atlas; prop textures capped to 1024; GLB 11.6MB. Glass transparent; emissive ceiling light. All textures embedded. Imported props CC-BY (see ATTRIBUTION.md).",01_Exports_FBX/Checkpoint_Charlie/CP_CheckpointBooth_A.fbx,02_Exports_GLB/Checkpoint_Charlie/CP_CheckpointBooth_A.glb,PENDING_USER_REVIEW,"Furnished Allied Checkpoint Charlie booth. Engine-optimized: 87 objs->6 meshes, prop materials collapsed (chair 15->1 slot), book pile decimated, prop textures 1024. Desk open logbook added. Real scale, ground-center pivot, props parented to booth."
CP_Sign_AmericanSector_A,Checkpoint_Charlie,CHECKPOINT_Charlie_Final,3.50x0.36x3.62,38569,51724,1,"Baked 2K PBR atlas (BaseColor/Roughness/Normal) embedded in GLB+FBX. Single material. No missing textures.",01_Exports_FBX/Checkpoint_Charlie/CP_Sign_AmericanSector_A.fbx,02_Exports_GLB/Checkpoint_Charlie/CP_Sign_AmericanSector_A.glb,PENDING_USER_REVIEW,"Iconic 'YOU ARE LEAVING THE AMERICAN SECTOR' sign. Manually modeled (only Sketchfab match was NC-SA licensed). 51940 tris. 4-language text: front EN/RU(Cyrillic)/FR, back DE. Arial Bold font. White board + black border + steel posts + concrete footings. Ground-center pivot, applied transforms. 100% original (no third-party/licensing)."
CP_BoomBarrier_A,Checkpoint_Charlie,CHECKPOINT_Charlie_Final,5.85x0.60x1.31,1252,644,4,"Procedural PBR (red/white stripe boom, painted metal, concrete) - no image textures",01_Exports_FBX/Checkpoint_Charlie/CP_BoomBarrier_A.fbx,02_Exports_GLB/Checkpoint_Charlie/CP_BoomBarrier_A.glb,PENDING_USER_REVIEW,"Checkpoint lift barrier (closed). 100% original model. Ground-center pivot at hinge post."
CP_Sandbags_A,Checkpoint_Charlie,CHECKPOINT_Charlie_Final,2.00x0.32x0.45,19975,10200,1,"Imported Sketchfab CC-BY (G4AGamingLabs); texture capped 1024; embedded in GLB/FBX",01_Exports_FBX/Checkpoint_Charlie/CP_Sandbags_A.fbx,02_Exports_GLB/Checkpoint_Charlie/CP_Sandbags_A.glb,PENDING_USER_REVIEW,"Sandbag barrier wall. CC-BY attribution required (Notes/ATTRIBUTION.md). Ground-center pivot, modular 2m."
WALL_Segment_3p6m_A,Berlin_Wall_Border_Zone,WALL_BorderZone_Final,1.20x0.58x3.62,676,344,1,"Baked 2K PBR atlas (BaseColor/Roughness/Normal) embedded; single material",01_Exports_FBX/Berlin_Wall_Border_Zone/WALL_Segment_3p6m_A.fbx,02_Exports_GLB/Berlin_Wall_Border_Zone/WALL_Segment_3p6m_A.glb,PENDING_USER_REVIEW,"Grenzmauer-75 Berlin Wall segment (3.6m, L-foot, rounded pipe top). 100% original model. Modular 1.2m width. Ground-center pivot. Clean/east side - graffiti is separate asset."
PROP_Trabant_A,Vehicles_Props,VEHICLES_Props_Final,1.51x3.55x1.44,91248,47000,3,"Imported Sketchfab CC-BY (haricsiko); textures capped 1024; separate Glass material; embedded",01_Exports_FBX/Vehicles_Props/PROP_Trabant_A.fbx,02_Exports_GLB/Vehicles_Props/PROP_Trabant_A.glb,PENDING_USER_REVIEW,"Weathered Trabant 601 (iconic East German car). CC-BY attribution required (Notes/ATTRIBUTION.md). Ground-center pivot."
WALL_Watchtower_A,Berlin_Wall_Border_Zone,WALL_BorderZone_Final,3.03x3.03x11.55,1656,864,2,"Baked 2K PBR atlas + transparent glass; embedded",01_Exports_FBX/Berlin_Wall_Border_Zone/WALL_Watchtower_A.fbx,02_Exports_GLB/Berlin_Wall_Border_Zone/WALL_Watchtower_A.glb,PENDING_USER_REVIEW,"GDR BT-9 style border watchtower (round shaft + octagonal glazed cabin + roof railing + searchlight). 100% original model. Ground-center pivot. ~11.5m tall."
WALL_DragonTeeth_A,Berlin_Wall_Border_Zone,WALL_BorderZone_Final,4.40x1.40x1.07,440,0,1,"Constant PBR concrete (procedural bump) - exports as factor",01_Exports_FBX/Berlin_Wall_Border_Zone/WALL_DragonTeeth_A.fbx,02_Exports_GLB/Berlin_Wall_Border_Zone/WALL_DragonTeeth_A.glb,PENDING_USER_REVIEW,"Dragon teeth anti-vehicle obstacle (staggered concrete rows on base). 100% original. Ground-center pivot, modular 4.4m."
PROP_StreetLamp_A,Vehicles_Props,VEHICLES_Props_Final,0.73x0.33x5.00,7810,0,2,"Imported Sketchfab CC-BY (bez_glaza); textures capped 1024; embedded",01_Exports_FBX/Vehicles_Props/PROP_StreetLamp_A.fbx,02_Exports_GLB/Vehicles_Props/PROP_StreetLamp_A.glb,PENDING_USER_REVIEW,"Berlin-style hanging street lamp (5m). CC-BY attribution required (Notes/ATTRIBUTION.md). Ground-center pivot."
GDR_Lenin_Monument_A,GDR_Socialist_Symbols,GDR_Symbols_Final,2.96x3.23x5.48,9929,0,2,"Imported Sketchfab CC-BY (spacelynxcanfly); textures capped 1024; embedded",01_Exports_FBX/GDR_Socialist_Symbols/GDR_Lenin_Monument_A.fbx,02_Exports_GLB/GDR_Socialist_Symbols/GDR_Lenin_Monument_A.glb,PENDING_USER_REVIEW,"Upright Lenin statue on formal stepped pedestal (maintained/official per brief - NOT fallen/ruined). CC-BY attribution required. Ground-center pivot."
PROP_Bench_A,Vehicles_Props,VEHICLES_Props_Final,1.80x1.02x1.05,21940,0,1,"Imported Sketchfab CC-BY (ahmagh2e); textures capped 1024; embedded",01_Exports_FBX/Vehicles_Props/PROP_Bench_A.fbx,02_Exports_GLB/Vehicles_Props/PROP_Bench_A.glb,PENDING_USER_REVIEW,"Park/street bench. CC-BY attribution required (Notes/ATTRIBUTION.md). Ground-center pivot."
WALL_ConcreteBarrier_A,Berlin_Wall_Border_Zone,WALL_BorderZone_Final,2.00x0.58x0.90,92,0,1,"Constant PBR concrete (procedural bump) - exports as factor",01_Exports_FBX/Berlin_Wall_Border_Zone/WALL_ConcreteBarrier_A.fbx,02_Exports_GLB/Berlin_Wall_Border_Zone/WALL_ConcreteBarrier_A.glb,PENDING_USER_REVIEW,"Jersey-profile concrete barrier (2m). 100% original. Ground-center pivot, modular."
GDR_PropagandaBoard_A,GDR_Socialist_Symbols,GDR_Symbols_Final,3.20x0.37x3.05,10692,0,5,"Constant PBR (red board/gold border/white text/posts/concrete) - factor export",01_Exports_FBX/GDR_Socialist_Symbols/GDR_PropagandaBoard_A.fbx,02_Exports_GLB/GDR_Socialist_Symbols/GDR_PropagandaBoard_A.glb,PENDING_USER_REVIEW,"GDR propaganda board: red panel, gold border, slogan VORWAERTS ZUM SOZIALISMUS (Arial Bold extruded text), steel posts, concrete footings. 100% original. Ground-center pivot."
WALL_Kolonnenweg_A,Berlin_Wall_Border_Zone,WALL_BorderZone_Final,2.40x4.00x0.16,420,0,3,"Constant PBR (concrete tracks, dark holes, earth) - factor export",01_Exports_FBX/Berlin_Wall_Border_Zone/WALL_Kolonnenweg_A.fbx,02_Exports_GLB/Berlin_Wall_Border_Zone/WALL_Kolonnenweg_A.glb,PENDING_USER_REVIEW,"GDR Kolonnenweg patrol road (two perforated concrete tracks on earth, modular 4m). 100% original. Ground-center pivot."
WALL_DeathStrip_Ground_A,Berlin_Wall_Border_Zone,WALL_BorderZone_Final,4.00x4.00x0.03,12800,0,1,"Constant PBR sand + real raked ridge geometry; factor export",01_Exports_FBX/Berlin_Wall_Border_Zone/WALL_DeathStrip_Ground_A.fbx,02_Exports_GLB/Berlin_Wall_Border_Zone/WALL_DeathStrip_Ground_A.glb,PENDING_USER_REVIEW,"Death strip (Todesstreifen) raked sand ground tile, 4x4m modular, real rake ridge geometry. 100% original. Ground-center pivot."
WALL_Hinterlandmauer_A,Berlin_Wall_Border_Zone,WALL_BorderZone_Final,1.24x0.49x3.10,132,0,1,"Constant PBR concrete (procedural bump); factor export",01_Exports_FBX/Berlin_Wall_Border_Zone/WALL_Hinterlandmauer_A.fbx,02_Exports_GLB/Berlin_Wall_Border_Zone/WALL_Hinterlandmauer_A.glb,PENDING_USER_REVIEW,"Hinterlandmauer (inner wall) plain concrete slab segment, flat cap + base foot, modular 1.2m. 100% original. Ground-center pivot."
PROP_TrashBin_A,Vehicles_Props,VEHICLES_Props_Final,0.95x0.65x0.74,5568,0,1,"Imported Sketchfab CC-BY (ahmagh2e); textures capped 1024; embedded",01_Exports_FBX/Vehicles_Props/PROP_TrashBin_A.fbx,02_Exports_GLB/Vehicles_Props/PROP_TrashBin_A.glb,PENDING_USER_REVIEW,"Public street trash bin (double). CC-BY attribution required (Notes/ATTRIBUTION.md). Ground-center pivot."
PROP_TrafficSign_A,Vehicles_Props,VEHICLES_Props_Final,0.84x0.20x2.50,1180,0,4,"Constant PBR (pole/red/white/blue) - factor export",01_Exports_FBX/Vehicles_Props/PROP_TrafficSign_A.fbx,02_Exports_GLB/Vehicles_Props/PROP_TrafficSign_A.glb,PENDING_USER_REVIEW,"Street/traffic sign (round sign + blue street-name plate on pole). 100% original. Ground-center pivot."
ROAD_Asphalt_Straight_A,Roads_Sidewalks,ROADS_Sidewalks_Final,7.00x8.00x0.07,96,0,2,"Constant PBR asphalt + white markings (procedural bump); factor export",01_Exports_FBX/Roads_Sidewalks/ROAD_Asphalt_Straight_A.fbx,02_Exports_GLB/Roads_Sidewalks/ROAD_Asphalt_Straight_A.glb,PENDING_USER_REVIEW,"Straight asphalt road tile (7x8m, dashed centre + edge lines, modular). 100% original. Ground-center pivot."
LANDMARK_BrandenburgGate_A,Landmarks,LANDMARKS_Final,65.0x31.4x29.0,390218,0,11,"Imported CC-BY (Resinnnn); textures embedded",01_Exports_FBX/Landmarks/LANDMARK_BrandenburgGate_A.fbx,02_Exports_GLB/Landmarks/LANDMARK_BrandenburgGate_A.glb,PENDING_USER_REVIEW,"Brandenburg Gate w/ quadriga + colonnade wings (benchmark landmark). CC-BY attribution. Ground-center pivot."
LANDMARK_Fernsehturm_A,Landmarks,LANDMARKS_Final,33.4x33.4x368.0,3236,0,5,"Modeled constant PBR",01_Exports_FBX/Landmarks/LANDMARK_Fernsehturm_A.fbx,02_Exports_GLB/Landmarks/LANDMARK_Fernsehturm_A.glb,PENDING_USER_REVIEW,"Berlin TV Tower Fernsehturm 368m. 100% original model (Sketchfab import was broken/disassembled). Concrete shaft + steel sphere + red/white antenna. Ground pivot."
EB_ApartmentBlock_A,East_Berlin_Architecture,EAST_Architecture_Final,32.0x19.1x21.5,22027,0,1,"Imported CC-BY (dimmeyster); textures 2048; embedded",01_Exports_FBX/East_Berlin_Architecture/EB_ApartmentBlock_A.fbx,02_Exports_GLB/East_Berlin_Architecture/EB_ApartmentBlock_A.glb,PENDING_USER_REVIEW,"Socialist-era residential block (brick, balconies, archway). East Berlin. CC-BY attribution. Ground pivot."
WB_ResidentialBuilding_A,West_Berlin_Architecture,WEST_Architecture_Final,22.0x13.0x16.2,276674,0,5,"Imported CC-BY (andrej.grave); textures capped 1024; GLB 30MB; embedded",01_Exports_FBX/West_Berlin_Architecture/WB_ResidentialBuilding_A.fbx,02_Exports_GLB/West_Berlin_Architecture/WB_ResidentialBuilding_A.glb,PENDING_USER_REVIEW,"Detailed worn apartment building (balconies, AC, pipes, staircase). West Berlin residential. CC-BY attribution. Ground pivot."
PROP_UtilityPole_A,Vehicles_Props,VEHICLES_Props_Final,1.80x0.53x8.10,2156,0,3,"Constant PBR (wood/ceramic/metal); factor export",01_Exports_FBX/Vehicles_Props/PROP_UtilityPole_A.fbx,02_Exports_GLB/Vehicles_Props/PROP_UtilityPole_A.glb,PENDING_USER_REVIEW,"Wooden telegraph/utility pole (crossarms, insulators, transformer). 100% original. Ground pivot."
WALL_Floodlight_A,Berlin_Wall_Border_Zone,WALL_BorderZone_Final,1.40x0.60x8.18,1920,0,4,"Constant PBR + emissive lamps; factor export",01_Exports_FBX/Berlin_Wall_Border_Zone/WALL_Floodlight_A.fbx,02_Exports_GLB/Berlin_Wall_Border_Zone/WALL_Floodlight_A.glb,PENDING_USER_REVIEW,"Border floodlight mast (4 emissive fixtures, ladder, footing). 100% original. Ground pivot."
GDR_Flag_A,GDR_Socialist_Symbols,GDR_Symbols_Final,2.32x0.27x6.12,1152,0,5,"Constant PBR tricolor + simplified emblem; factor export",01_Exports_FBX/GDR_Socialist_Symbols/GDR_Flag_A.fbx,02_Exports_GLB/GDR_Socialist_Symbols/GDR_Flag_A.glb,PENDING_USER_REVIEW,"GDR flag (black-red-gold waving) on pole. Emblem simplified (full hammer-compass-wreath needs texture). 100% original. Ground pivot."
WALL_Graffiti_Segment_A,Berlin_Wall_Border_Zone,WALL_BorderZone_Final,2.53x1.95x3.59,37794,0,1,"Imported CC-BY (khem_ib) photoscan; textures 2048; embedded",01_Exports_FBX/Berlin_Wall_Border_Zone/WALL_Graffiti_Segment_A.fbx,02_Exports_GLB/Berlin_Wall_Border_Zone/WALL_Graffiti_Segment_A.glb,PENDING_USER_REVIEW,"Real graffitied Berlin Wall segment (CHANGE YOUR LIFE, IWM London photoscan). Paving trimmed. Graffiti faces -Y. CC-BY attribution. Ground pivot."
PROP_TrafficLight_A,Vehicles_Props,VEHICLES_Props_Final,0.30x0.40x3.80,1592,0,4,"Constant PBR + emissive red/green lenses; factor export",01_Exports_FBX/Vehicles_Props/PROP_TrafficLight_A.fbx,02_Exports_GLB/Vehicles_Props/PROP_TrafficLight_A.glb,PENDING_USER_REVIEW,"Traffic signal (3 lenses red/amber/green + visors, pole). 100% original. Ground pivot."
ROAD_Curb_Sidewalk_A,Roads_Sidewalks,ROADS_Sidewalks_Final,4.01x2.80x0.30,2236,0,1,"Baked 2K PBR (PolyHaven concrete_floor_02); embedded; single material",01_Exports_FBX/Roads_Sidewalks/ROAD_Curb_Sidewalk_A.fbx,02_Exports_GLB/Roads_Sidewalks/ROAD_Curb_Sidewalk_A.glb,PENDING_USER_REVIEW,"Curb + sidewalk paver module (gutter, curb stone, paving slab grid). Modular 4m. Real concrete baked. 100% original geometry. Ground pivot."
GDR_SovietMemorial_A,GDR_Socialist_Symbols,GDR_Symbols_Final,5.50x2.42x4.56,474802,0,1,"Imported CC-BY (noe-3d.at) photoscan; textures 1024; embedded",01_Exports_FBX/GDR_Socialist_Symbols/GDR_SovietMemorial_A.fbx,02_Exports_GLB/GDR_Socialist_Symbols/GDR_SovietMemorial_A.glb,PENDING_USER_REVIEW,"Soviet war memorial (Russendenkmal: concrete star + red star/hammer-sickle + Cyrillic inscription + pillars). Upright/official. CC-BY attribution. Ground pivot."
PROP_Mailbox_A,Vehicles_Props,VEHICLES_Props_Final,0.44x0.32x1.61,804,0,3,"Constant PBR (yellow/dark/post); factor export",01_Exports_FBX/Vehicles_Props/PROP_Mailbox_A.fbx,02_Exports_GLB/Vehicles_Props/PROP_Mailbox_A.glb,PENDING_USER_REVIEW,"West Berlin Bundespost yellow mailbox (domed top, slot, post). 100% original. Ground pivot."
PROP_PhoneBooth_A,Vehicles_Props,VEHICLES_Props_Final,1.02x1.04x2.48,6428,0,4,"Constant PBR yellow + transparent glass + extruded FERNSPRECHER text; factor export",01_Exports_FBX/Vehicles_Props/PROP_PhoneBooth_A.fbx,02_Exports_GLB/Vehicles_Props/PROP_PhoneBooth_A.glb,PENDING_USER_REVIEW,"West German Bundespost yellow phone booth (Telefonzelle TeH78 style): yellow frame, glass panels, FERNSPRECHER sign, door, interior phone unit. Historically accurate (NOT British red). 100% original. Ground pivot."
PROP_Kiosk_A,Vehicles_Props,VEHICLES_Props_Final,1.96x1.78x2.75,660,0,6,"Constant PBR (green/cream/wood/glass/sign); factor export",01_Exports_FBX/Vehicles_Props/PROP_Kiosk_A.fbx,02_Exports_GLB/Vehicles_Props/PROP_Kiosk_A.glb,PENDING_USER_REVIEW,"Berlin street kiosk/Trinkhalle (serving counter window, wood shelf, sign band, roof, vent). 100% original. Ground pivot."
PROP_Bollard_A,Vehicles_Props,VEHICLES_Props_Final,0.30x0.30x0.92,668,0,1,"Constant PBR cast iron; factor export",01_Exports_FBX/Vehicles_Props/PROP_Bollard_A.fbx,02_Exports_GLB/Vehicles_Props/PROP_Bollard_A.glb,PENDING_USER_REVIEW,"Cast-iron street bollard/Poller (base flange, tapered shaft, ring band, ball top). 100% original. Modular. Ground pivot."
WB_Storefront_Module_A,West_Berlin_Architecture,WEST_Architecture_Final,4.05x1.55x3.60,3536,0,7,"Constant PBR (plaster/wood/glass/striped awning/sign/gold text); factor export",01_Exports_FBX/West_Berlin_Architecture/WB_Storefront_Module_A.fbx,02_Exports_GLB/West_Berlin_Architecture/WB_Storefront_Module_A.glb,PENDING_USER_REVIEW,"West Berlin ground-floor storefront module: striped awning, shop windows + mullions, wood bulkhead, door, pilasters, green fascia with gold LEBENSMITTEL sign. Modular 4m. Front faces -Y. 100% original. Ground pivot."
PROP_CafeSet_A,Vehicles_Props,VEHICLES_Props_Final,1.16x1.60x0.87,1088,0,2,"Constant PBR (green metal + tabletop); factor export",01_Exports_FBX/Vehicles_Props/PROP_CafeSet_A.fbx,02_Exports_GLB/Vehicles_Props/PROP_CafeSet_A.glb,PENDING_USER_REVIEW,"Sidewalk cafe set: round bistro table + 3 chairs (thin metal frames). 100% original. Ground pivot."
ROAD_Crosswalk_A,Roads_Sidewalks,ROADS_Sidewalks_Final,5.85x4.00x0.02,84,0,1,"Constant PBR white paint (worn bump); factor export",01_Exports_FBX/Roads_Sidewalks/ROAD_Crosswalk_A.fbx,02_Exports_GLB/Roads_Sidewalks/ROAD_Crosswalk_A.glb,PENDING_USER_REVIEW,"Zebra crosswalk decal (7 stripes, thin raised geometry to overlay road). 100% original. Ground pivot."
WB_Balcony_Module_A,West_Berlin_Architecture,WEST_Architecture_Final,2.60x1.30x1.65,1256,0,2,"Constant PBR (stone slab + dark iron railing); factor export",01_Exports_FBX/West_Berlin_Architecture/WB_Balcony_Module_A.fbx,02_Exports_GLB/West_Berlin_Architecture/WB_Balcony_Module_A.glb,PENDING_USER_REVIEW,"Altbau balcony module: stone slab, corbels, iron railing with balusters (front+sides). Wall-mount strip at back. 100% original. Ground pivot."
WB_Window_Module_A,West_Berlin_Architecture,WEST_Architecture_Final,1.40x0.47x2.40,792,0,3,"Constant PBR (plaster/wood/glass); factor export",01_Exports_FBX/West_Berlin_Architecture/WB_Window_Module_A.fbx,02_Exports_GLB/West_Berlin_Architecture/WB_Window_Module_A.glb,PENDING_USER_REVIEW,"Altbau ornate window module: 6-pane window, wood frame/mullions, projecting sill, stucco architrave surround, cornice + keystone. Modular. 100% original. Ground pivot."
PROP_RooftopAntenna_A,Vehicles_Props,VEHICLES_Props_Final,1.27x1.10x2.03,652,0,2,"Constant PBR metal; factor export",01_Exports_FBX/Vehicles_Props/PROP_RooftopAntenna_A.fbx,02_Exports_GLB/Vehicles_Props/PROP_RooftopAntenna_A.glb,PENDING_USER_REVIEW,"Rooftop satellite dish (aimed west) + Yagi TV aerial on tripod mast. East Berlin rooftop detail. 100% original. Ground pivot."
LANDMARK_Fountain_A,Landmarks,LANDMARKS_Final,3.40x3.40x2.01,1704,0,2,"Constant PBR (stone + translucent water); factor export",01_Exports_FBX/Landmarks/LANDMARK_Fountain_A.fbx,02_Exports_GLB/Landmarks/LANDMARK_Fountain_A.glb,PENDING_USER_REVIEW,"Plaza fountain: lower basin + central pedestal + upper bowl + finial, with water surfaces. 100% original. Ground pivot."
GDR_StateEmblem_A,GDR_Socialist_Symbols,GDR_Symbols_Final,1.12x0.32x3.11,1116,0,3,"Constant PBR (gold/bronze/post metal); factor export",01_Exports_FBX/GDR_Socialist_Symbols/GDR_StateEmblem_A.fbx,02_Exports_GLB/GDR_Socialist_Symbols/GDR_StateEmblem_A.glb,PENDING_USER_REVIEW,"GDR state emblem (Staatswappen): hammer + compass + grain-wreath ring on disc, on post. Simplified. 100% original. Ground pivot."
PROP_Tree_A,Vehicles_Props,VEHICLES_Props_Final,6.0x6.1x8.0,12533,0,4,"Imported CC-BY (atrodler); textures capped 1024; embedded",01_Exports_FBX/Vehicles_Props/PROP_Tree_A.fbx,02_Exports_GLB/Vehicles_Props/PROP_Tree_A.glb,PENDING_USER_REVIEW,"Street maple tree (8m). CC-BY attribution (Notes/ATTRIBUTION.md). Ground pivot."
ROAD_ManholeCover_A,Roads_Sidewalks,ROADS_Sidewalks_Final,0.72x0.72x0.07,1500,0,1,"Constant PBR cast iron; factor export",01_Exports_FBX/Roads_Sidewalks/ROAD_ManholeCover_A.fbx,02_Exports_GLB/Roads_Sidewalks/ROAD_ManholeCover_A.glb,PENDING_USER_REVIEW,"Cast-iron manhole cover + frame, radial rib pattern. 100% original. Ground pivot."
PROP_TrafficCone_A,Vehicles_Props,VEHICLES_Props_Final,0.32x0.32x0.52,316,0,3,"Constant PBR (orange/white/base); factor export",01_Exports_FBX/Vehicles_Props/PROP_TrafficCone_A.fbx,02_Exports_GLB/Vehicles_Props/PROP_TrafficCone_A.glb,PENDING_USER_REVIEW,"Traffic cone (orange + white reflective band, square base). 100% original. Ground pivot."
PROP_Planter_A,Vehicles_Props,VEHICLES_Props_Final,1.20x0.44x0.84,384,0,3,"Constant PBR (concrete/soil/foliage); factor export",01_Exports_FBX/Vehicles_Props/PROP_Planter_A.fbx,02_Exports_GLB/Vehicles_Props/PROP_Planter_A.glb,PENDING_USER_REVIEW,"Concrete street planter with soil + 3 shrubs. 100% original. Ground pivot."
PROP_Fence_A,Vehicles_Props,VEHICLES_Props_Final,2.60x0.10x1.60,1168,0,1,"Constant PBR dark metal; factor export",01_Exports_FBX/Vehicles_Props/PROP_Fence_A.fbx,02_Exports_GLB/Vehicles_Props/PROP_Fence_A.glb,PENDING_USER_REVIEW,"Wrought-iron railing fence section (posts, rails, spear-tip bars). Modular 2.5m. 100% original. Ground pivot."
WB_Door_Module_A,West_Berlin_Architecture,WEST_Architecture_Final,1.80x0.46x3.20,296,0,5,"Constant PBR (plaster/wood/glass/stone/metal); factor export",01_Exports_FBX/West_Berlin_Architecture/WB_Door_Module_A.fbx,02_Exports_GLB/West_Berlin_Architecture/WB_Door_Module_A.glb,PENDING_USER_REVIEW,"Altbau entrance door module: double wood door, panels, handles, transom fanlight, architrave surround + cornice, stone steps. Modular. 100% original. Ground pivot."
PROP_Chimney_A,Vehicles_Props,VEHICLES_Props_Final,0.74x0.66x1.59,212,0,3,"Constant PBR (brick/cap/terracotta); factor export",01_Exports_FBX/Vehicles_Props/PROP_Chimney_A.fbx,02_Exports_GLB/Vehicles_Props/PROP_Chimney_A.glb,PENDING_USER_REVIEW,"Rooftop brick chimney stack + concrete cap + 2 terracotta pots. 100% original. Ground pivot."
PROP_OilBarrel_A,Vehicles_Props,VEHICLES_Props_Final,0.61x0.61x0.88,460,0,1,"Constant PBR rusty metal; factor export",01_Exports_FBX/Vehicles_Props/PROP_OilBarrel_A.fbx,02_Exports_GLB/Vehicles_Props/PROP_OilBarrel_A.glb,PENDING_USER_REVIEW,"Rusty 200L oil drum/barrel with rolling hoops. 100% original. Ground pivot."
CP_GuardPost_A,Checkpoint_Charlie,CHECKPOINT_Charlie_Final,1.46x1.46x2.43,143,189,6,"Constant PBR (painted body/red trim/steel posts/concrete) + transparent glass; factor export",01_Exports_FBX/Checkpoint_Charlie/CP_GuardPost_A.fbx,02_Exports_GLB/Checkpoint_Charlie/CP_GuardPost_A.glb,PENDING_USER_REVIEW,"One-man border sentry box/guard post: glazed upper cabin (3 sides) + central mullions, pitched hip roof with eave overhang + finial, red trim band, white lower panels, front counter shelf, steel corner posts, concrete base. Modular. 100% original. Ground pivot."
CP_Flagpole_US_A,Checkpoint_Charlie,CHECKPOINT_Charlie_Final,2.02x0.52x8.31,900,0,4,"US flag = numpy-generated image texture (13 stripes + 50-star canton) embedded; pole/truck/base constant PBR; factor+image export",01_Exports_FBX/Checkpoint_Charlie/CP_Flagpole_US_A.fbx,02_Exports_GLB/Checkpoint_Charlie/CP_Flagpole_US_A.glb,PENDING_USER_REVIEW,"US flagpole for Allied checkpoint: 8m tapered aluminium pole, gold truck/ball finial, concrete base, waving US flag (procedural 420x221 texture, stars simplified to dots). Front faces -Y. 100% original (no third-party). Ground pivot."
CP_LaneStripes_A,Checkpoint_Charlie,CHECKPOINT_Charlie_Final,3.20x4.00x0.02,52,0,2,"Constant PBR (worn white + caution-yellow paint); thin raised decal geometry; factor export",01_Exports_FBX/Checkpoint_Charlie/CP_LaneStripes_A.fbx,02_Exports_GLB/Checkpoint_Charlie/CP_LaneStripes_A.glb,PENDING_USER_REVIEW,"Checkpoint inspection-lane road markings (decal overlay): two white lane-edge lines, thick white stop line, yellow dashed centre guide, forward arrow. Thin raised geometry to overlay road tiles. Modular ~4m. 100% original. Ground pivot."
PROP_Bicycle_A,Vehicles_Props,VEHICLES_Props_Final,1.52x0.49x0.86,49483,0,7,"Imported Sketchfab CC-BY (vlad.neko); textures capped 1024; embedded",01_Exports_FBX/Vehicles_Props/PROP_Bicycle_A.fbx,02_Exports_GLB/Vehicles_Props/PROP_Bicycle_A.glb,PENDING_USER_REVIEW,"Vintage red city bicycle (rear rack, leather saddle, fenders, chrome bars, spoked wheels). Atmospheric Berlin street prop. CC-BY attribution required (Notes/ATTRIBUTION.md). Ground pivot."
PROP_LitfassColumn_A,Vehicles_Props,VEHICLES_Props_Final,1.40x1.40x3.45,688,0,4,"Posters = numpy-generated wrap texture (15-poster collage) embedded; base/roof/finial constant PBR; image+factor export",01_Exports_FBX/Vehicles_Props/PROP_LitfassColumn_A.fbx,02_Exports_GLB/Vehicles_Props/PROP_LitfassColumn_A.glb,PENDING_USER_REVIEW,"Berlin Litfass advertising column (Litfasssaeule): cast-iron base, cylindrical shaft wrapped with colourful posters (procedural texture, some peeled), cornice ring, green-patina conical roof, gold finial. Iconic Berlin street furniture. 100% original. Ground pivot."
ROAD_Intersection_A,Roads_Sidewalks,ROADS_Sidewalks_Final,8.00x8.00x0.08,78,0,2,"Constant PBR asphalt (procedural noise bump) + white markings; factor export",01_Exports_FBX/Roads_Sidewalks/ROAD_Intersection_A.fbx,02_Exports_GLB/Roads_Sidewalks/ROAD_Intersection_A.glb,PENDING_USER_REVIEW,"4-way asphalt intersection tile (8x8m): four right-lane stop lines + centreline dash stubs from each approach. Tiles with ROAD_Asphalt_Straight_A. 100% original. Ground pivot."
WALL_Corner_A,Berlin_Wall_Border_Zone,WALL_BorderZone_Final,1.51x1.51x3.52,580,0,2,"Constant PBR concrete (procedural noise bump) + pipe; factor export",01_Exports_FBX/Berlin_Wall_Border_Zone/WALL_Corner_A.fbx,02_Exports_GLB/Berlin_Wall_Border_Zone/WALL_Corner_A.glb,PENDING_USER_REVIEW,"Grenzmauer-75 Berlin Wall 90-degree corner segment: two 1.26m arms at right angle, rounded sewer-pipe top tube on each + corner joint, L-foot base plinths. Matches WALL_Segment_3p6m_A profile (3.5m). Corner pivot at origin. 100% original."
ROAD_TJunction_A,Roads_Sidewalks,ROADS_Sidewalks_Final,8.00x8.00x0.08,90,0,2,"Constant PBR asphalt (procedural noise bump) + white markings; factor export",01_Exports_FBX/Roads_Sidewalks/ROAD_TJunction_A.fbx,02_Exports_GLB/Roads_Sidewalks/ROAD_TJunction_A.glb,PENDING_USER_REVIEW,"T-junction asphalt tile (8x8m): main-road dashed centreline (full width) + side-road branch centreline (+Y) + stop line at side-road mouth + edge lines. Tiles with ROAD_Asphalt_Straight_A / ROAD_Intersection_A. 100% original. Ground pivot."
GDR_ReviewingStand_A,GDR_Socialist_Symbols,GDR_Symbols_Final,4.64x3.08x3.48,184,0,6,"Constant PBR (concrete/wood/red banner/gold trim/steel rail/pole); factor export",01_Exports_FBX/GDR_Socialist_Symbols/GDR_ReviewingStand_A.fbx,02_Exports_GLB/GDR_Socialist_Symbols/GDR_ReviewingStand_A.glb,PENDING_USER_REVIEW,"GDR parade reviewing stand (Ehrentribuene): raised plinth draped in red banners with gold borders, wood deck, perimeter steel railing, rear access steps, two corner flagpoles with red flags. Upright/official socialist civic structure. 100% original. Ground pivot."
EB_Plattenbau_Panel_A,East_Berlin_Architecture,EAST_Architecture_Final,2.50x0.30x2.80,96,0,5,"Constant PBR concrete (pebbledash noise bump) + frame/sill + transparent glass; factor export",01_Exports_FBX/East_Berlin_Architecture/EB_Plattenbau_Panel_A.fbx,02_Exports_GLB/East_Berlin_Architecture/EB_Plattenbau_Panel_A.glb,PENDING_USER_REVIEW,"East Berlin Plattenbau (WBS-70 style) prefab concrete facade panel module: single window bay with 4-pane window + cross mullions + glass, proud concrete sill, prefab seam grooves at panel edges. Modular 2.5m x 2.8m floor — tile horizontally + stack vertically. Front faces -Y. 100% original. Ground pivot."
PROP_BusStopSign_A,Vehicles_Props,VEHICLES_Props_Final,0.52x0.20x2.84,43,0,3,"Sign face = numpy-generated texture (yellow + green ring + H) embedded; pole/bracket constant PBR; image+factor export",01_Exports_FBX/Vehicles_Props/PROP_BusStopSign_A.fbx,02_Exports_GLB/Vehicles_Props/PROP_BusStopSign_A.glb,PENDING_USER_REVIEW,"Berlin BVG bus stop sign (Haltestelle): yellow square plate with green ring + green H, mounted on top of grey metal pole with base flange + bracket. Iconic BVG street furniture. 100% original. Ground pivot."
WB_Cornice_Module_A,West_Berlin_Architecture,WEST_Architecture_Final,1.46x0.31x0.84,108,0,2,"Constant PBR stucco (2 shades); factor export",01_Exports_FBX/West_Berlin_Architecture/WB_Cornice_Module_A.fbx,02_Exports_GLB/West_Berlin_Architecture/WB_Cornice_Module_A.glb,PENDING_USER_REVIEW,"West Berlin Altbau ornate roof cornice module: projecting corona slab, dentil row, modillion brackets, frieze band, crown molding + cap. Modular 1.4m — tiles with WB_Window/Door/Storefront modules along rooftop. Front faces -Y. 100% original. Base pivot."
WALL_SignalFence_A,Berlin_Wall_Border_Zone,WALL_BorderZone_Final,2.74x0.24x2.40,67,0,3,"Mesh = numpy alpha-clip diamond texture embedded; posts/wires constant PBR metal; image+factor export",01_Exports_FBX/Berlin_Wall_Border_Zone/WALL_SignalFence_A.fbx,02_Exports_GLB/Berlin_Wall_Border_Zone/WALL_SignalFence_A.glb,PENDING_USER_REVIEW,"GDR signal fence (Signalzaun) death-strip element: expanded-metal diamond mesh panel (alpha-clip) between steel posts with footings, top/bottom rails, 3 trip-wires near top. Modular 2.5m. NOTE: mesh uses alpha-clip — set material AlphaMode=MASK on import. 100% original. Ground pivot."
PROP_BusIkarus280_A,Vehicles_Props,VEHICLES_Props_Final,2.94x16.50x3.14,128326,0,55,"Imported Sketchfab CC-BY (Randonavt); textures capped 1024; embedded; FBX/GLB ~11.6MB",01_Exports_FBX/Vehicles_Props/PROP_BusIkarus280_A.fbx,02_Exports_GLB/Vehicles_Props/PROP_BusIkarus280_A.glb,PENDING_USER_REVIEW,"Ikarus 280 articulated bus (iconic East Berlin/Eastern Bloc city bus, cream livery, accordion joint, full detailed interior + dashboard). 16.5m. CC-BY attribution required (Notes/ATTRIBUTION.md). Ground pivot."
GDR_Ampelmann_A,GDR_Socialist_Symbols,GDR_Symbols_Final,0.34x0.26x2.72,62,0,4,"Figures = numpy emissive textures (red Steher + green Geher) embedded; housing/pole constant PBR; emissive lenses (GLB only — FBX drops emission)",01_Exports_FBX/GDR_Socialist_Symbols/GDR_Ampelmann_A.fbx,02_Exports_GLB/GDR_Socialist_Symbols/GDR_Ampelmann_A.glb,PENDING_USER_REVIEW,"East German Ampelmann pedestrian signal: dark twin-lens housing with visors on grey pole; red standing man (Steher, arms out) over green walking man (Geher, striding, hat). Iconic GDR symbol. Emissive figures. 100% original. Ground pivot."
ROAD_Curve_A,Roads_Sidewalks,ROADS_Sidewalks_Final,8.15x8.15x0.08,342,0,2,"Constant PBR asphalt (procedural noise bump) + white arc markings; factor export",01_Exports_FBX/Roads_Sidewalks/ROAD_Curve_A.fbx,02_Exports_GLB/Roads_Sidewalks/ROAD_Curve_A.glb,PENDING_USER_REVIEW,"90-degree curved asphalt road tile (8x8m): dashed centreline arc + inner/outer solid edge-line arcs (R=4m, lane 3.5m), connects two adjacent edges. Tiles with straight/intersection/T road kit. 100% original. Ground pivot."
PROP_WaterPump_A,Vehicles_Props,VEHICLES_Props_Final,0.42x0.81x1.77,1161,0,3,"Constant PBR (green cast iron/dark iron/brass); factor export",01_Exports_FBX/Vehicles_Props/PROP_WaterPump_A.fbx,02_Exports_GLB/Vehicles_Props/PROP_WaterPump_A.glb,PENDING_USER_REVIEW,"Berlin street water pump (Schwengelpumpe): green cast-iron tapered column, curved spout, brass emblem + band, domed cap with brass finial, pump lever (Schwengel) + grip knob, stepped base, drain grate. Historic Berlin street furniture. 100% original. Ground pivot."
EB_Plattenbau_Balcony_A,East_Berlin_Architecture,EAST_Architecture_Final,2.53x1.44x1.07,72,0,3,"Constant PBR (concrete/teal Sprelacart panel/metal rail); factor export",01_Exports_FBX/East_Berlin_Architecture/EB_Plattenbau_Balcony_A.fbx,02_Exports_GLB/East_Berlin_Architecture/EB_Plattenbau_Balcony_A.glb,PENDING_USER_REVIEW,"East Berlin Plattenbau prefab balcony/loggia module: concrete frame parapet with teal coloured Sprelacart panel inserts (front+sides), thin metal top rail, floor slab, wall-attach strip. Modular 2.5m — pairs with EB_Plattenbau_Panel_A. Front faces -Y. 100% original. Ground pivot."
WALL_Gate_A,Berlin_Wall_Border_Zone,WALL_BorderZone_Final,4.16x0.50x3.64,210,0,3,"Constant PBR concrete (noise bump) + steel + pipe; factor export",01_Exports_FBX/Berlin_Wall_Border_Zone/WALL_Gate_A.fbx,02_Exports_GLB/Berlin_Wall_Border_Zone/WALL_Gate_A.glb,PENDING_USER_REVIEW,"Berlin Wall vehicle/patrol gate: two concrete pillars (L-foot, pipe-top, matching wall profile) flanking a steel barred sliding gate (top/bottom rails, 13 vertical bars, diagonal brace) on a ground track with rollers. ~3.3m opening. 100% original. Ground pivot."
ROAD_TramTrack_A,Roads_Sidewalks,ROADS_Sidewalks_Final,2.60x8.00x0.12,42,0,3,"Cobble = numpy sett texture (Mapping-tiled) embedded; rails/groove constant PBR metal; image+factor export",01_Exports_FBX/Roads_Sidewalks/ROAD_TramTrack_A.fbx,02_Exports_GLB/Roads_Sidewalks/ROAD_TramTrack_A.glb,PENDING_USER_REVIEW,"Berlin tram track strip (8m): granite-sett cobblestone paving (procedural texture, Mapping-tiled) with two embedded grooved steel rails at 1.435m gauge. Modular 8m, runs alongside/over road tiles. 100% original. Ground pivot."
PROP_TramTatraT3_A,Vehicles_Props,VEHICLES_Props_Final,2.76x14.00x4.87,192843,0,58,"Imported Sketchfab CC-BY (Randonavt); textures capped 1024; embedded; FBX/GLB ~13.8MB",01_Exports_FBX/Vehicles_Props/PROP_TramTatraT3_A.fbx,02_Exports_GLB/Vehicles_Props/PROP_TramTatraT3_A.glb,PENDING_USER_REVIEW,"Tatra T3 tram (iconic Eastern Bloc/East Berlin tram, red+cream livery, raised pantograph, full detailed interior + cab). 14m. Pairs with ROAD_TramTrack_A. CC-BY attribution required (Notes/ATTRIBUTION.md). Ground pivot."
PROP_StreetClock_A,Vehicles_Props,VEHICLES_Props_Final,0.74x0.44x3.87,163,0,3,"Clock face = numpy texture (ticks + hands) embedded; iron/gold constant PBR; image+factor export",01_Exports_FBX/Vehicles_Props/PROP_StreetClock_A.fbx,02_Exports_GLB/Vehicles_Props/PROP_StreetClock_A.glb,PENDING_USER_REVIEW,"Berlin public street clock (Normaluhr): ornate cast-iron pole + stepped base, twin-faced clock head (cream face, 12 hour ticks, hour/minute hands, both sides), gold collar + finial. Historic street furniture. 100% original. Ground pivot."
LANDMARK_UBahnEntrance_A,Landmarks,LANDMARKS_Final,3.25x3.51x3.87,268,0,6,"Constant PBR (stone/steps/green iron/blue+white sign/dark void); factor export",01_Exports_FBX/Landmarks/LANDMARK_UBahnEntrance_A.fbx,02_Exports_GLB/Landmarks/LANDMARK_UBahnEntrance_A.glb,PENDING_USER_REVIEW,"Berlin U-Bahn subway entrance: stone-curbed stairwell with descending steps into dark well + back wall, green cast-iron perimeter guardrail, blue 'U' sign (white U) on post. Steps descend below ground (-1.1m) — place over a terrain cut. 100% original. Ground pivot."
EB_Plattenbau_Entrance_A,East_Berlin_Architecture,EAST_Architecture_Final,2.50x1.10x2.85,108,0,5,"Constant PBR concrete (pebbledash noise) + metal frame + glass + steps + red plate; factor export",01_Exports_FBX/East_Berlin_Architecture/EB_Plattenbau_Entrance_A.fbx,02_Exports_GLB/East_Berlin_Architecture/EB_Plattenbau_Entrance_A.glb,PENDING_USER_REVIEW,"East Berlin Plattenbau ground-floor entrance module: concrete piers+lintel around recessed glass double doors (metal frame, mullion, handles, kick panels), projecting flat entrance canopy + brackets, 2 steps, red house-number plate. Modular 2.5m — pairs with EB_Plattenbau_Panel_A/Balcony_A. Front faces -Y. 100% original. Ground pivot."
PROP_BusShelter_A,Vehicles_Props,VEHICLES_Props_Final,3.70x1.72x2.40,90,0,5,"Constant PBR (steel/roof/glass/wood bench) + emissive ad panel; factor export",01_Exports_FBX/Vehicles_Props/PROP_BusShelter_A.fbx,02_Exports_GLB/Vehicles_Props/PROP_BusShelter_A.glb,PENDING_USER_REVIEW,"Bus stop shelter: steel-framed flat roof on 4 posts, glass back + side panels, wooden bench, illuminated (emissive) advert panel at one end. Pairs with PROP_BusStopSign_A + PROP_BusIkarus280_A. 100% original. Ground pivot."
GDR_RooftopSlogan_A,GDR_Socialist_Symbols,GDR_Symbols_Final,10.64x0.38x2.36,4422,0,2,"Emissive red letters (font mesh) + steel frame; constant PBR; emissive (GLB) — FBX drops emission",01_Exports_FBX/GDR_Socialist_Symbols/GDR_RooftopSlogan_A.fbx,02_Exports_GLB/GDR_Socialist_Symbols/GDR_RooftopSlogan_A.glb,PENDING_USER_REVIEW,"East Berlin illuminated rooftop propaganda slogan: 3D extruded red emissive letters spelling SOZIALISMUS (Arial Bold, 1.1m tall) on a steel support lattice (legs, rails, vertical bars, diagonal braces). ~10.6m wide. Iconic GDR skyline sign. 100% original. Base pivot."
PROP_Pissoir_A,Vehicles_Props,VEHICLES_Props_Final,2.31x2.31x2.98,139,0,4,"Constant PBR (dark green cast iron/accent/roof/gold); factor export",01_Exports_FBX/Vehicles_Props/PROP_Pissoir_A.fbx,02_Exports_GLB/Vehicles_Props/PROP_Pissoir_A.glb,PENDING_USER_REVIEW,"Berlin public pissoir (Cafe Achteck): octagonal dark-green cast-iron structure, 7 vertical panels + 1 open screened entry, lighter accent band, octagonal pyramidal roof with overhang + gold finial. Historic Berlin street furniture. 100% original. Ground pivot."
PROP_StreetLampPost_A,Vehicles_Props,VEHICLES_Props_Final,0.32x2.02x6.12,108,0,3,"Constant PBR (steel pole/dark head) + emissive lamp lens; factor export",01_Exports_FBX/Vehicles_Props/PROP_StreetLampPost_A.fbx,02_Exports_GLB/Vehicles_Props/PROP_StreetLampPost_A.glb,PENDING_USER_REVIEW,"Cobra-head street lamp (GDR/modern): tapered steel pole, curved swan-neck arm, cobra-head luminaire with emissive underside lens. ~6m. Street lighting variant (vs PROP_StreetLamp_A hanging type). 100% original. Ground pivot."
PROP_StreetNameSign_A,Vehicles_Props,VEHICLES_Props_Final,1.69x0.25x0.30,1586,0,3,"Constant PBR (white enamel/black text+border/steel bracket); factor export",01_Exports_FBX/Vehicles_Props/PROP_StreetNameSign_A.fbx,02_Exports_GLB/Vehicles_Props/PROP_StreetNameSign_A.glb,PENDING_USER_REVIEW,"Berlin enamel street name sign: white plate with extruded black 'KARL-MARX-ALLEE' text (Arial Bold font->mesh) + black border, wall-mount bracket at back. Front faces -Y. Edit text body to re-label. 100% original. Centre pivot."
PROP_LadaVAZ2103_A,Vehicles_Props,VEHICLES_Props_Final,1.76x4.10x1.42,76609,0,73,"Imported Sketchfab CC-BY (assg709); textures capped 1024; embedded; FBX 2.8MB/GLB 3.5MB",01_Exports_FBX/Vehicles_Props/PROP_LadaVAZ2103_A.fbx,02_Exports_GLB/Vehicles_Props/PROP_LadaVAZ2103_A.glb,PENDING_USER_REVIEW,"Lada/VAZ-2103 Zhiguli sedan (ubiquitous Eastern-Bloc car in East Berlin, light blue, chrome bumpers, detailed interior+wheels). 4.1m. CC-BY attribution required (Notes/ATTRIBUTION.md). Ground pivot."
PROP_Crates_A,Vehicles_Props,VEHICLES_Props_Final,1.71x0.56x0.68,318,0,3,"Constant PBR (3 wood shades, noise grain bump); factor export",01_Exports_FBX/Vehicles_Props/PROP_Crates_A.fbx,02_Exports_GLB/Vehicles_Props/PROP_Crates_A.glb,PENDING_USER_REVIEW,"Stack of wooden slat crates (delivery/market): 3 open-slat crates (corner posts + horizontal slats) stacked/grouped + 1 closed lidded box. Generic atmosphere filler. 100% original. Ground pivot."
WB_Altbau_Corner_A,West_Berlin_Architecture,WEST_Architecture_Final,0.67x0.67x2.80,90,0,2,"Constant PBR stucco/stone (2 shades); factor export",01_Exports_FBX/West_Berlin_Architecture/WB_Altbau_Corner_A.fbx,02_Exports_GLB/West_Berlin_Architecture/WB_Altbau_Corner_A.glb,PENDING_USER_REVIEW,"West Berlin Altbau rusticated corner quoin module: square core column + alternating projecting quoin stone blocks wrapping the corner (outer -X/-Y faces; +X/+Y attach to walls), base plinth + top band. Modular 2.8m floor — stack + pair with WB_Window/Door/Cornice modules to build a corner building. 100% original. Base pivot."
PROP_PedestrianRail_A,Vehicles_Props,VEHICLES_Props_Final,2.14x0.14x1.18,174,0,2,"Constant PBR (galvanized tube + dark feet); factor export",01_Exports_FBX/Vehicles_Props/PROP_PedestrianRail_A.fbx,02_Exports_GLB/Vehicles_Props/PROP_PedestrianRail_A.glb,PENDING_USER_REVIEW,"Pedestrian guard rail / barrier: galvanized round-tube railing (end posts + foot plates + caps, top + mid rails, 9 vertical infill bars). Modular 2m — line sidewalks/crossings. 100% original. Ground pivot."
GDR_KonsumSign_A,GDR_Socialist_Symbols,GDR_Symbols_Final,2.44x0.23x0.52,2311,0,3,"Blue box + brass frame + white emissive KONSUM letters (font->mesh); constant PBR + emissive (GLB); image-free",01_Exports_FBX/GDR_Socialist_Symbols/GDR_KonsumSign_A.fbx,02_Exports_GLB/GDR_Socialist_Symbols/GDR_KonsumSign_A.glb,PENDING_USER_REVIEW,"GDR Konsum shop fascia sign: deep-blue illuminated box with brass frame + white emissive KONSUM lettering (Arial Bold font->mesh), back mounting tabs. ~2.4m — mounts on WB_Storefront_Module_A fascia. Edit text body to relabel (HO/Gaststaette/etc). 100% original. Base pivot."
WALL_CzechHedgehog_A,Berlin_Wall_Border_Zone,WALL_BorderZone_Final,1.78x1.69x1.57,36,0,1,"Constant PBR rusty steel (noise color ramp + bump); factor export",01_Exports_FBX/Berlin_Wall_Border_Zone/WALL_CzechHedgehog_A.fbx,02_Exports_GLB/Berlin_Wall_Border_Zone/WALL_CzechHedgehog_A.glb,PENDING_USER_REVIEW,"Czech hedgehog anti-tank obstacle (Panzersperre): 3 crossed steel beams + centre gusset plates forming a 6-point star, rusted, resting in natural pose. Death-strip/vehicle-trap obstacle (steel, vs concrete WALL_DragonTeeth_A). 100% original. Ground pivot."
PROP_ConcreteBench_A,Vehicles_Props,VEHICLES_Props_Final,1.66x0.68x0.99,78,0,2,"Constant PBR (concrete + wood grain bump); factor export",01_Exports_FBX/Vehicles_Props/PROP_ConcreteBench_A.fbx,02_Exports_GLB/Vehicles_Props/PROP_ConcreteBench_A.glb,PENDING_USER_REVIEW,"GDR-style park/plaza bench: cast-concrete side supports (base feet + seat + back lean) with wooden seat slats (4) + tilted backrest slats (3). Modelled variant (vs imported PROP_Bench_A). 100% original. Ground pivot."
WALL_BorderColumn_A,Berlin_Wall_Border_Zone,WALL_BorderZone_Final,0.22x0.22x2.05,109,0,5,"Constant PBR (black/red/gold bands + gold emblem + dark cap); factor export",01_Exports_FBX/Berlin_Wall_Border_Zone/WALL_BorderColumn_A.fbx,02_Exports_GLB/Berlin_Wall_Border_Zone/WALL_BorderColumn_A.glb,PENDING_USER_REVIEW,"GDR border marker column (Grenzsaeule): 2m square post in stacked black-red-gold (DDR tricolor) bands, pyramidal cap, oval gold state emblem (simplified hammer+compass) near top, base footing. Iconic GDR border marker. 100% original. Ground pivot."
PROP_NewspaperCase_A,Vehicles_Props,VEHICLES_Props_Final,1.70x0.34x2.20,67,0,4,"Newspaper page = numpy texture (red masthead/photo/text columns) embedded; frame/glass/post constant PBR; image+factor export",01_Exports_FBX/Vehicles_Props/PROP_NewspaperCase_A.fbx,02_Exports_GLB/Vehicles_Props/PROP_NewspaperCase_A.glb,PENDING_USER_REVIEW,"GDR newspaper display case (Zeitungsschaukasten): green-grey metal glazed case on 2 posts, glass front, interior newspaper page (procedural: red masthead + photo + text columns, Neues-Deutschland style), slanted roof. Iconic socialist street propaganda fixture. 100% original. Ground pivot."
PROP_FireHydrant_A,Vehicles_Props,VEHICLES_Props_Final,0.38x0.39x0.98,672,0,3,"Constant PBR (red cast iron/dark caps/steel nut); factor export",01_Exports_FBX/Vehicles_Props/PROP_FireHydrant_A.fbx,02_Exports_GLB/Vehicles_Props/PROP_FireHydrant_A.glb,PENDING_USER_REVIEW,"German above-ground fire hydrant (Oberflurhydrant): red cast-iron barrel, base flange, collar, domed top + square operating nut, 2 side outlets with dark caps. ~1m. 100% original. Ground pivot."
LANDMARK_VictoryColumn_A,Landmarks,LANDMARKS_Final,27.85x27.91x67.0,399947,0,1,"Imported CC-BY (deluva); decimated 1.0M->400k; textures capped 2048; embedded; FBX/GLB ~23MB",01_Exports_FBX/Landmarks/LANDMARK_VictoryColumn_A.fbx,02_Exports_GLB/Landmarks/LANDMARK_VictoryColumn_A.glb,PENDING_USER_REVIEW,"Berlin Victory Column (Siegessaeule): fluted column with gilded cannon-barrel rings, colonnade base, winged Victoria (Goldelse) statue on top. 67m West Berlin landmark. CC-BY attribution. Ground pivot."
PROP_Clothesline_A,Vehicles_Props,VEHICLES_Props_Final,5.16x0.55x1.85,142,0,7,"Constant PBR (wood posts/grey line/5 fabric colours); factor export",01_Exports_FBX/Vehicles_Props/PROP_Clothesline_A.fbx,02_Exports_GLB/Vehicles_Props/PROP_Clothesline_A.glb,PENDING_USER_REVIEW,"Courtyard clothesline: two T-posts (with feet), 3 lines, 11 hanging laundry items (sheets/garments in white/blue/red/yellow/green). Atmospheric Plattenbau courtyard filler. 100% original. Ground pivot."
PROP_Scooter_A,Vehicles_Props,VEHICLES_Props_Final,0.89x1.80x1.42,120000,0,1,"Imported Sketchfab CC-BY (CGDELUXE); textures capped 1024; embedded; FBX 9MB/GLB 7.4MB",01_Exports_FBX/Vehicles_Props/PROP_Scooter_A.fbx,02_Exports_GLB/Vehicles_Props/PROP_Scooter_A.glb,PENDING_USER_REVIEW,"Vintage cream Vespa-style motor scooter (brown leather seat, chrome bars). Period street vehicle prop. CC-BY attribution required (Notes/ATTRIBUTION.md). Ground pivot (upright/on stand)."
EB_Plattenbau_Roof_A,East_Berlin_Architecture,EAST_Architecture_Final,2.56x2.06x0.60,78,0,5,"Constant PBR (concrete pebbledash/coping/felt/metal); factor export",01_Exports_FBX/East_Berlin_Architecture/EB_Plattenbau_Roof_A.fbx,02_Exports_GLB/East_Berlin_Architecture/EB_Plattenbau_Roof_A.glb,PENDING_USER_REVIEW,"East Berlin Plattenbau roof cap module: flat felt roof deck with concrete parapet upstands (front/back/sides) + coping caps, rooftop mechanical details (vent boxes, duct), prefab seam. Modular 2.5m — caps the panel/balcony/entrance stack. Front faces -Y. 100% original. Base pivot."
PROP_CigaretteMachine_A,Vehicles_Props,VEHICLES_Props_Final,0.64x0.32x1.76,91,0,5,"Product display = numpy texture (grid of cigarette packs) embedded; body/steel constant PBR; image+factor export",01_Exports_FBX/Vehicles_Props/PROP_CigaretteMachine_A.fbx,02_Exports_GLB/Vehicles_Props/PROP_CigaretteMachine_A.glb,PENDING_USER_REVIEW,"West Berlin cigarette vending machine (Zigarettenautomat): standing metal body on legs, red top sign band, recessed product display (procedural grid of colourful packs), coin slot + 4 pull knobs. Period street fixture. 100% original. Ground pivot."
PROP_Dumpster_A,Vehicles_Props,VEHICLES_Props_Final,1.28x1.02x1.13,170,0,4,"Constant PBR (galvanized body/dark lid/wheels/steel); factor export",01_Exports_FBX/Vehicles_Props/PROP_Dumpster_A.fbx,02_Exports_GLB/Vehicles_Props/PROP_Dumpster_A.glb,PENDING_USER_REVIEW,"Metal waste container (1100L Muellcontainer): galvanized ribbed body, dark plastic hinged lid + front lip, 4 caster wheels on forks, side handle bars, front lift bar. Courtyard/street filler. 100% original. Ground pivot."
PROP_RollerShutter_A,West_Berlin_Architecture,WEST_Architecture_Final,2.60x0.33x2.31,318,0,2,"Constant PBR (metal slats/dark frame); factor export",01_Exports_FBX/West_Berlin_Architecture/PROP_RollerShutter_A.fbx,02_Exports_GLB/West_Berlin_Architecture/PROP_RollerShutter_A.glb,PENDING_USER_REVIEW,"Closed shop roller shutter (Rollladen): 24 modelled horizontal slats with ridge lines, top roll housing, side guide rails, bottom rail + lock. Modular 2.5m — closes WB_Storefront_Module_A. Front faces -Y. 100% original. Ground pivot."
PROP_ImbissCart_A,Vehicles_Props,VEHICLES_Props_Final,2.64x2.64x2.96,3102,0,7,"Constant PBR (white/red body, steel, yellow emissive IMBISS text font->mesh, parasol); factor+emissive export",01_Exports_FBX/Vehicles_Props/PROP_ImbissCart_A.fbx,02_Exports_GLB/Vehicles_Props/PROP_ImbissCart_A.glb,PENDING_USER_REVIEW,"Berlin Currywurst/Imbiss street food stand: white+red counter cart, red sign band with yellow emissive IMBISS lettering, back menu board, condiment bottles, red/white parasol on pole, cart wheels + pull handle. Iconic Berlin street food. 100% original. Ground pivot."
PROP_GasLantern_A,Vehicles_Props,VEHICLES_Props_Final,0.42x0.48x4.28,627,0,4,"Constant PBR (green cast iron/gold) + transparent glass + emissive gas mantle; factor+emissive export",01_Exports_FBX/Vehicles_Props/PROP_GasLantern_A.fbx,02_Exports_GLB/Vehicles_Props/PROP_GasLantern_A.glb,PENDING_USER_REVIEW,"Historic Berlin gas street lantern (Gaslaterne): stepped cast-iron base, fluted post, gold collar, hexagonal glazed lantern head with glowing emissive gas mantle inside, peaked hex roof + gold finial. ~4.3m. Iconic Berlin street lighting (vs PROP_StreetLamp_A/StreetLampPost_A). 100% original. Ground pivot."
PROP_BikeRack_A,Vehicles_Props,VEHICLES_Props_Final,2.58x0.70x0.75,360,0,2,"Constant PBR (galvanized metal + dark feet); factor export",01_Exports_FBX/Vehicles_Props/PROP_BikeRack_A.fbx,02_Exports_GLB/Vehicles_Props/PROP_BikeRack_A.glb,PENDING_USER_REVIEW,"Bicycle rack: row of 5 Sheffield-style inverted-U metal hoops (rounded top corners) with foot plates. ~2.5m. Pairs with PROP_Bicycle_A / PROP_Scooter_A. 100% original. Ground pivot."
LANDMARK_Weltzeituhr_A,Landmarks,LANDMARKS_Final,1.80x1.80x4.35,3939,0,5,"City band = numpy texture (24 time-zone segments) cylinder-wrapped, embedded; aluminium/gold/dark constant PBR + emissive; image+factor export",01_Exports_FBX/Landmarks/LANDMARK_Weltzeituhr_A.fbx,02_Exports_GLB/Landmarks/LANDMARK_Weltzeituhr_A.glb,PENDING_USER_REVIEW,"Berlin World Clock (Urania-Weltzeituhr, Alexanderplatz): dark pedestal, aluminium rotating drum with 24-segment time-zone/city band (procedural wrap), dome cap, signature solar-system armillary on top (tilted gold rings + planets + finial). ~4.3m. Iconic East Berlin landmark. 100% original. Ground pivot."
GDR_MosaicMural_A,GDR_Socialist_Symbols,GDR_Symbols_Final,3.06x0.17x2.02,31,0,2,"Mosaic = numpy texture (tiles+grout, socialist scene) embedded; concrete frame; image+factor export",01_Exports_FBX/GDR_Socialist_Symbols/GDR_MosaicMural_A.fbx,02_Exports_GLB/GDR_Socialist_Symbols/GDR_MosaicMural_A.glb,PENDING_USER_REVIEW,"GDR socialist mosaic mural panel: tiled mosaic (procedural tiles + grout) depicting an abstract socialist scene (sun, red banner, figures, dove) in a concrete frame. 3x2m wall-mounted artwork — mounts on Plattenbau/civic facades. Front faces -Y. 100% original. Ground pivot."
ROAD_PlazaPaving_A,Roads_Sidewalks,ROADS_Sidewalks_Final,6.00x6.00x0.07,6,0,1,"Paver slabs = numpy texture (Mapping-tiled, joints+speckle) embedded; image export",01_Exports_FBX/Roads_Sidewalks/ROAD_PlazaPaving_A.fbx,02_Exports_GLB/Roads_Sidewalks/ROAD_PlazaPaving_A.glb,PENDING_USER_REVIEW,"Plaza paving tile (Alexanderplatz-style): 6x6m flat ground tile with large light-concrete slab grid (procedural texture, joints + speckle, Mapping-tiled). Modular ground for squares/plazas. 100% original. Ground pivot."
PROP_FlowerBox_A,Vehicles_Props,VEHICLES_Props_Final,1.03x0.25x0.36,730,0,6,"Constant PBR (wood/soil/leaf/red+pink+white flowers); factor export",01_Exports_FBX/Vehicles_Props/PROP_FlowerBox_A.fbx,02_Exports_GLB/Vehicles_Props/PROP_FlowerBox_A.glb,PENDING_USER_REVIEW,"Window flower box (Blumenkasten): wooden trough + rim, soil, green foliage clumps, red/pink/white geranium flower heads, rear mounting brackets. ~1m — sits on window sills (pairs with WB_Window_Module_A). Facade atmosphere. 100% original. Ground pivot."
PROP_Pallet_A,Vehicles_Props,VEHICLES_Props_Final,1.24x0.84x0.13,120,0,2,"Constant PBR (wood grain bump, 2 shades); factor export",01_Exports_FBX/Vehicles_Props/PROP_Pallet_A.fbx,02_Exports_GLB/Vehicles_Props/PROP_Pallet_A.glb,PENDING_USER_REVIEW,"Wooden Euro pallet (Europalette, 1.2x0.8m): top deck boards, 9 stringer blocks, cross + bottom boards, forklift gaps. Generic logistics/atmosphere filler (pairs with PROP_Crates_A). 100% original. Ground pivot."
PROP_ConstructionFence_A,Vehicles_Props,VEHICLES_Props_Final,4.10x0.22x2.17,61,0,3,"Mesh = numpy alpha-clip square grid embedded; tube/foot constant PBR; image+factor export",01_Exports_FBX/Vehicles_Props/PROP_ConstructionFence_A.fbx,02_Exports_GLB/Vehicles_Props/PROP_ConstructionFence_A.glb,PENDING_USER_REVIEW,"Mobile construction site fence (Bauzaun): galvanized tube frame + square-mesh panel (alpha-clip) on 2 recycled-concrete block feet. Modular 3.5m. NOTE: mesh alpha-clip — set AlphaMode=MASK on import. 100% original. Ground pivot."
PROP_Billboard_A,Vehicles_Props,VEHICLES_Props_Final,5.10x1.38x4.24,49,0,3,"Poster = numpy texture (stylized vintage ad) embedded; steel frame/legs constant PBR; image+factor export",01_Exports_FBX/Vehicles_Props/PROP_Billboard_A.fbx,02_Exports_GLB/Vehicles_Props/PROP_Billboard_A.glb,PENDING_USER_REVIEW,"Roadside billboard: 5x2.5m board on 2 steel legs + diagonal braces, frame, top light bar, front poster (procedural stylized vintage ad). Edit poster texture to change ad. 100% original. Ground pivot."
PROP_TramStopIsland_A,Roads_Sidewalks,ROADS_Sidewalks_Final,8.00x1.60x2.56,84,0,5,"Tram pictogram sign = numpy texture embedded; concrete/yellow/steel/wood constant PBR; image+factor export",01_Exports_FBX/Roads_Sidewalks/PROP_TramStopIsland_A.fbx,02_Exports_GLB/Roads_Sidewalks/PROP_TramStopIsland_A.glb,PENDING_USER_REVIEW,"Tram boarding island: 8m raised concrete platform with yellow tactile edge strips, sign post with green tram-pictogram sign, wooden bench, bollards. Pairs with ROAD_TramTrack_A + PROP_TramTatraT3_A. 100% original. Ground pivot."
EB_KarlMarxAllee_Module_A,East_Berlin_Architecture,EAST_Architecture_Final,3.20x0.34x3.54,100,0,4,"Ceramic tile = numpy texture (Mapping-tiled) embedded; stone/frame constant PBR + glass; image+factor export",01_Exports_FBX/East_Berlin_Architecture/EB_KarlMarxAllee_Module_A.fbx,02_Exports_GLB/East_Berlin_Architecture/EB_KarlMarxAllee_Module_A.glb,PENDING_USER_REVIEW,"Karl-Marx-Allee Stalinist-classical facade module: cream ceramic-tile (Meissen) cladding, stone pilasters, window with stone architrave surround + sill + triangular pediment + glass, cornice + base course. Grand socialist-classicism (distinct from EB_Plattenbau). Modular 3m, tile/stack. Front faces -Y. 100% original. Base pivot."
GDR_Obelisk_A,GDR_Socialist_Symbols,GDR_Symbols_Final,1.40x1.40x4.38,103,0,5,"Constant PBR (stone/dark/gold/red/bronze); modeled bmesh 5-point star; factor export",01_Exports_FBX/GDR_Socialist_Symbols/GDR_Obelisk_A.fbx,02_Exports_GLB/GDR_Socialist_Symbols/GDR_Obelisk_A.glb,PENDING_USER_REVIEW,"Socialist memorial obelisk/stele: 3 stepped base, tapered 4-sided stone shaft, pyramidal cap, modeled gold 5-point star on red disc emblem near top, bronze inscription plaque with engraved lines. ~4.4m. Upright/official GDR memorial. 100% original. Ground pivot."
WALL_CommandTower_A,Berlin_Wall_Border_Zone,WALL_BorderZone_Final,2.70x2.70x11.28,254,0,5,"Constant PBR concrete (noise) + steel + transparent glass + emissive searchlight; factor export",01_Exports_FBX/Berlin_Wall_Border_Zone/WALL_CommandTower_A.fbx,02_Exports_GLB/Berlin_Wall_Border_Zone/WALL_CommandTower_A.glb,PENDING_USER_REVIEW,"GDR square border command tower (Fuehrungsstelle): square concrete shaft with base door, overhanging glazed observation cabin (4-side glass + corner posts + mullions + solid band), flat roof with railing + searchlight (emissive) + antenna, side access ladder. ~11m. Square variant vs round WALL_Watchtower_A. 100% original. Ground pivot."
ROAD_CobbleStreet_A,Roads_Sidewalks,ROADS_Sidewalks_Final,8.00x8.00x0.07,6,0,1,"Cobbles = numpy texture (staggered granite setts, Mapping-tiled, bump) embedded; image export",01_Exports_FBX/Roads_Sidewalks/ROAD_CobbleStreet_A.fbx,02_Exports_GLB/Roads_Sidewalks/ROAD_CobbleStreet_A.glb,PENDING_USER_REVIEW,"Cobblestone street tile (Kopfsteinpflaster): 8x8m, staggered grey-brown granite setts with dark mortar joints (procedural texture + bump, Mapping-tiled). Modular old-Berlin street ground (vs ROAD_Asphalt). 100% original. Ground pivot."
PROP_TramOverheadMast_A,Roads_Sidewalks,ROADS_Sidewalks_Final,7.00x3.15x7.38,153,0,4,"Constant PBR (green steel mast/copper wire/ceramic insulator); factor export",01_Exports_FBX/Roads_Sidewalks/PROP_TramOverheadMast_A.fbx,02_Exports_GLB/Roads_Sidewalks/PROP_TramOverheadMast_A.glb,PENDING_USER_REVIEW,"Tram catenary support mast: tapered green steel pole, cantilever bracket arm + diagonal stay, registration arm, ceramic insulators, copper contact + messenger wires (along track) with droppers. ~7m. Pairs with ROAD_TramTrack_A / PROP_TramTatraT3_A / PROP_TramStopIsland_A. 100% original. Ground pivot."
PROP_TruckGAZ53_A,Vehicles_Props,VEHICLES_Props_Final,2.46x6.40x2.40,45277,0,25,"Imported Sketchfab CC-BY (hans1240); textures capped 1024; embedded; FBX/GLB ~3.4MB",01_Exports_FBX/Vehicles_Props/PROP_TruckGAZ53_A.fbx,02_Exports_GLB/Vehicles_Props/PROP_TruckGAZ53_A.glb,PENDING_USER_REVIEW,"GAZ-53 cargo truck (ubiquitous Eastern-Bloc utility/delivery truck, weathered, light-blue cab + box body). 6.4m. CC-BY attribution required (Notes/ATTRIBUTION.md). Ground pivot."
WB_Altbau_Base_A,West_Berlin_Architecture,WEST_Architecture_Final,1.46x0.35x2.78,156,0,4,"Constant PBR (stone/recessed joints/iron grille); factor export",01_Exports_FBX/West_Berlin_Architecture/WB_Altbau_Base_A.fbx,02_Exports_GLB/West_Berlin_Architecture/WB_Altbau_Base_A.glb,PENDING_USER_REVIEW,"West Berlin Altbau rusticated ground-floor base module: stacked stone courses with recessed horizontal+vertical joints (alternating projection), basement window with iron grille + sill, plinth. Modular 1.4m — sits under WB_Window/Storefront modules. Front faces -Y. 100% original. Base pivot."
PROP_ParkCandelabra_A,Vehicles_Props,VEHICLES_Props_Final,1.16x1.16x4.06,2743,0,3,"Constant PBR (cast iron/gold) + emissive glass globes; factor+emissive export",01_Exports_FBX/Vehicles_Props/PROP_ParkCandelabra_A.fbx,02_Exports_GLB/Vehicles_Props/PROP_ParkCandelabra_A.glb,PENDING_USER_REVIEW,"Ornate park candelabra lamp (Kandelaber): cast-iron stepped base + fluted post, top hub with central globe + 4 radial-arm globes (5 emissive white globes total + gold caps). ~4m. Park/plaza lighting variant. 100% original. Ground pivot."
PROP_RubbleHeap_A,Vehicles_Props,VEHICLES_Props_Final,2.10x1.78x0.77,330,0,5,"Constant PBR (2 brick + concrete + dirt + rust rebar); factor export",01_Exports_FBX/Vehicles_Props/PROP_RubbleHeap_A.fbx,02_Exports_GLB/Vehicles_Props/PROP_RubbleHeap_A.glb,PENDING_USER_REVIEW,"Rubble / debris heap: broken bricks + concrete chunks piled into a mound on a dirt base, with protruding rusty rebar. Atmospheric for war-damaged / demolition / construction lots (post-WWII rebuilding Berlin). 100% original. Ground pivot."
PROP_TrafficSigns_A,Vehicles_Props,VEHICLES_Props_Final,0.59x0.18x2.91,31,0,4,"3 sign faces = numpy textures (priority/one-way/parking) embedded; metal pole; image export",01_Exports_FBX/Vehicles_Props/PROP_TrafficSigns_A.fbx,02_Exports_GLB/Vehicles_Props/PROP_TrafficSigns_A.glb,PENDING_USER_REVIEW,"German traffic sign cluster on a metal pole: priority-road diamond (yellow+white border), one-way blue sign with arrow, parking blue P sign (all procedural sign faces). Street-scene filler (vs single PROP_TrafficSign_A). 100% original. Ground pivot."
GDR_BannerVertical_A,GDR_Socialist_Symbols,GDR_Symbols_Final,1.40x0.33x4.10,180,0,2,"Banner = numpy texture (red + white emblem + slogan bars) on waved mesh embedded; steel bars; image export",01_Exports_FBX/GDR_Socialist_Symbols/GDR_BannerVertical_A.fbx,02_Exports_GLB/GDR_Socialist_Symbols/GDR_BannerVertical_A.glb,PENDING_USER_REVIEW,"GDR vertical propaganda banner (Spruchband): red draped fabric (waved mesh) with white emblem ring + slogan lines (procedural), top mount bar + brackets + bottom weight bar. ~4m hanging. Mounts on building facades. 100% original. Top pivot."
CP_SpikeStrip_A,Checkpoint_Charlie,CHECKPOINT_Charlie_Final,3.50x0.34x0.18,324,0,3,"Constant PBR (dark base/yellow warning/steel blades); factor export",01_Exports_FBX/Checkpoint_Charlie/CP_SpikeStrip_A.fbx,02_Exports_GLB/Checkpoint_Charlie/CP_SpikeStrip_A.glb,PENDING_USER_REVIEW,"Checkpoint tire spike barrier (Nagelsperre): dark base bar with yellow warning stripes + 2 rows of angled steel blades (opposing) + end caps. 3.5m lane-width. 100% original. Ground pivot."
PROP_JeepUAZ469_A,Vehicles_Props,VEHICLES_Props_Final,1.77x4.00x2.09,12488,0,2,"Imported Sketchfab CC-BY (grox777); textures capped 1024; embedded; FBX/GLB ~2.1MB",01_Exports_FBX/Vehicles_Props/PROP_JeepUAZ469_A.fbx,02_Exports_GLB/Vehicles_Props/PROP_JeepUAZ469_A.glb,PENDING_USER_REVIEW,"UAZ-469 off-road jeep (Soviet/GDR border-troop & military vehicle, olive green). 4m. CC-BY attribution required (Notes/ATTRIBUTION.md). Ground pivot."
PROP_TreeGrate_A,Roads_Sidewalks,ROADS_Sidewalks_Final,1.74x1.74x0.10,30,0,2,"Grate = numpy texture (concentric+radial cast-iron pattern, central soil hole) + bump embedded; stone curb; image export",01_Exports_FBX/Roads_Sidewalks/PROP_TreeGrate_A.fbx,02_Exports_GLB/Roads_Sidewalks/PROP_TreeGrate_A.glb,PENDING_USER_REVIEW,"Cast-iron street tree grate (Baumscheibe): square iron grate (concentric rings + radial spokes pattern, central planting hole) in a stone curb frame. 1.5m. Place around PROP_Tree_A in pavement. 100% original. Ground pivot."
PROP_Downpipe_A,West_Berlin_Architecture,WEST_Architecture_Final,0.32x0.44x4.97,134,0,2,"Constant PBR (zinc pipe/bracket metal); factor export",01_Exports_FBX/West_Berlin_Architecture/PROP_Downpipe_A.fbx,02_Exports_GLB/West_Berlin_Architecture/PROP_Downpipe_A.glb,PENDING_USER_REVIEW,"Building rainwater downpipe (Fallrohr): zinc vertical pipe with top hopper/funnel, angled bottom shoe outlet, 4 wall brackets (rings + mounts). ~5m. Facade detail — mounts on WB/EB building faces. 100% original. Ground pivot."
WALL_VehicleTrench_A,Berlin_Wall_Border_Zone,WALL_BorderZone_Final,6.00x4.00x1.28,42,0,2,"Constant PBR concrete (noise) + dirt; factor export",01_Exports_FBX/Berlin_Wall_Border_Zone/WALL_VehicleTrench_A.fbx,02_Exports_GLB/Berlin_Wall_Border_Zone/WALL_VehicleTrench_A.glb,PENDING_USER_REVIEW,"Anti-vehicle trench tile (Kfz-Sperrgraben): concrete-lined trapezoidal ditch (angled walls + bottom, 1.2m deep) running across a 6x4m ground tile, with edge curbs. Death-strip obstacle. Trench goes below ground — place over a terrain cut. Modular. 100% original. Ground pivot."
PROP_ChainBarrier_A,Vehicles_Props,VEHICLES_Props_Final,4.69x0.20x0.94,2248,0,1,"Constant PBR cast iron; factor export",01_Exports_FBX/Vehicles_Props/PROP_ChainBarrier_A.fbx,02_Exports_GLB/Vehicles_Props/PROP_ChainBarrier_A.glb,PENDING_USER_REVIEW,"Decorative chain barrier: 4 cast-iron bollards (ring + ball top) linked by sagging chains. ~4.5m run, modular. Surrounds monuments/plazas/lawns. 100% original. Ground pivot."
EB_PlattenbauBlock_A,East_Berlin_Architecture,EAST_Architecture_Final,30.40x13.40x15.60,52,0,5,"Facades = numpy procedural textures (12x5 + 5x5 window grids, balcony panels, seams) embedded; concrete/roof/door constant PBR; image+factor export",01_Exports_FBX/East_Berlin_Architecture/EB_PlattenbauBlock_A.fbx,02_Exports_GLB/East_Berlin_Architecture/EB_PlattenbauBlock_A.glb,PENDING_USER_REVIEW,"COMPLETE 5-storey East Berlin Plattenbau apartment slab block (30x12x15m): procedural-texture facades (window grid + dark glass + scattered teal/orange balcony panels + prefab seams), flat roof + parapet, ground entrance + canopy. Ready hero building (low-poly, texture-based). 100% original. Ground pivot."
WB_AltbauBuilding_A,West_Berlin_Architecture,WEST_Architecture_Final,22.60x14.60x19.90,46,0,5,"Facades = numpy procedural textures (ornate windows+surrounds+pediments, rusticated ground floor, cornice) embedded; stucco/roof constant PBR; image+factor export",01_Exports_FBX/West_Berlin_Architecture/WB_AltbauBuilding_A.fbx,02_Exports_GLB/West_Berlin_Architecture/WB_AltbauBuilding_A.glb,PENDING_USER_REVIEW,"COMPLETE 5-storey West Berlin Altbau tenement (22x14x18m): cream-stucco procedural facades (ornate windows with stone surrounds + pediments + sills, rusticated ground floor with shopfronts, string courses), projecting cornice, mansard roof band + dormers. Ready hero building (low-poly, texture-based). 100% original. Ground pivot."
EB_KarlMarxAlleeBlock_A,East_Berlin_Architecture,EAST_Architecture_Final,26.80x14.80x23.75,28,0,5,"Facades = numpy procedural textures (ceramic tile + tall windows + arched arcade + pilasters + cornice) embedded; tile/roof constant PBR; image+factor export",01_Exports_FBX/East_Berlin_Architecture/EB_KarlMarxAlleeBlock_A.fbx,02_Exports_GLB/East_Berlin_Architecture/EB_KarlMarxAlleeBlock_A.glb,PENDING_USER_REVIEW,"COMPLETE 6-storey Karl-Marx-Allee Stalinist boulevard building (26x14x22m): cream ceramic-tile procedural facades (tall stone-surround windows, arched ground-floor arcade, pilaster strips, floor cornices), strong projecting cornice + attic + roof. Grand socialist-classicism hero building (low-poly, texture-based). 100% original. Ground pivot."
WB_CornerBuilding_A,West_Berlin_Architecture,WEST_Architecture_Final,22.56x18.56x25.70,71,0,6,"Facades = numpy procedural Altbau textures embedded; stucco/cornice/dome/gold constant PBR; image+factor export",01_Exports_FBX/West_Berlin_Architecture/WB_CornerBuilding_A.fbx,02_Exports_GLB/West_Berlin_Architecture/WB_CornerBuilding_A.glb,PENDING_USER_REVIEW,"COMPLETE West Berlin corner building (Eckhaus, 20x16x18m): ornate Altbau procedural facades (windows+surrounds+pediments, shopfront ground floor), cornice + mansard, and an octagonal corner turret with green-patina dome + gold finial. Iconic Berlin street-corner hero building. 100% original. Ground pivot."
EB_FactoryVEB_A,East_Berlin_Architecture,EAST_Architecture_Final,28.20x16.20x20.00,76,0,5,"Facades = numpy procedural industrial textures (brick + steel multi-pane windows + loading doors) embedded; brick/roof/chimney constant PBR; image+factor export",01_Exports_FBX/East_Berlin_Architecture/EB_FactoryVEB_A.fbx,02_Exports_GLB/East_Berlin_Architecture/EB_FactoryVEB_A.glb,PENDING_USER_REVIEW,"COMPLETE GDR VEB factory building (28x16x12m + 20m chimney): brick procedural facades (large steel multi-pane industrial windows, ground-floor loading doors, brick pilasters), flat roof with vents + parapet, tall brick chimney with cap. Industrial hero building (low-poly, texture-based). 100% original. Ground pivot."
EB_Kaufhaus_A,East_Berlin_Architecture,EAST_Architecture_Final,24.30x20.30x16.20,34,0,4,"Facades = numpy procedural textures (aluminium honeycomb-relief cells + glazed ground floor + red sign band) embedded; alu/roof constant PBR; image+factor export",01_Exports_FBX/East_Berlin_Architecture/EB_Kaufhaus_A.fbx,02_Exports_GLB/East_Berlin_Architecture/EB_Kaufhaus_A.glb,PENDING_USER_REVIEW,"COMPLETE GDR department store (Centrum Warenhaus style, 24x20x15m): aluminium honeycomb-relief cladding (procedural cell-grid with diamond motifs), glazed ground floor + red CENTRUM sign band, flat roof with plant. Iconic East Berlin modernist hero building (low-poly, texture-based). 100% original. Ground pivot."
LANDMARK_Church_A,Landmarks,LANDMARKS_Final,12.95x29.50x28.40,173,0,6,"Brick = numpy texture (Object-coord Mapping) + constant PBR roof/spire/glass/gold/door; image+factor export",01_Exports_FBX/Landmarks/LANDMARK_Church_A.fbx,02_Exports_GLB/Landmarks/LANDMARK_Church_A.glb,PENDING_USER_REVIEW,"Berlin brick church (Backsteinkirche): nave with pitched roof + gable, tall front tower with octagonal spire + gold cross, pointed-arch windows, rose window, arched door. ~28m to cross tip. Landmark. 100% original. Ground pivot."
WB_ModernSlab_A,West_Berlin_Architecture,WEST_Architecture_Final,33.55x14.00x20.00,118,0,7,"Facades = numpy procedural render textures (windows/doors) embedded; modelled access balconies + blue railings; render/slab/rail constant PBR; image+factor export",01_Exports_FBX/West_Berlin_Architecture/WB_ModernSlab_A.fbx,02_Exports_GLB/West_Berlin_Architecture/WB_ModernSlab_A.glb,PENDING_USER_REVIEW,"COMPLETE West Berlin 1960s social-housing slab (Laubenganghaus, 32x12x18m): light-render procedural facades, modelled projecting access-balcony slabs per floor with blue railings, end stair tower, flat roof + parapet. Brighter Western counterpart to EB_PlattenbauBlock_A. 100% original. Ground pivot."
EB_PlattenbauTower_A,East_Berlin_Architecture,EAST_Architecture_Final,14.30x15.85x44.20,40,0,4,"Facades = numpy procedural textures (5x12 window grid + balcony panels + seams) embedded; concrete/roof/door constant PBR; image+factor export",01_Exports_FBX/East_Berlin_Architecture/EB_PlattenbauTower_A.fbx,02_Exports_GLB/East_Berlin_Architecture/EB_PlattenbauTower_A.glb,PENDING_USER_REVIEW,"COMPLETE 12-storey East Berlin Plattenbau point/tower block (Wohnhochhaus WHH, 14x14x42m): prefab concrete procedural facades (window grid + dark glass + colored balcony panels + seams), roof mechanical + parapet, ground entrance + canopy. Tall tower hero building (vs EB_PlattenbauBlock_A slab). 100% original. Ground pivot."
LANDMARK_PalastDerRepublik_A,Landmarks,LANDMARKS_Final,51.00x31.00x18.75,28,0,5,"Facades = numpy bronze mirror-glass curtain-wall textures (mullion grid) embedded; bronze/marble/roof constant PBR (metallic); image+factor export",01_Exports_FBX/Landmarks/LANDMARK_PalastDerRepublik_A.fbx,02_Exports_GLB/Landmarks/LANDMARK_PalastDerRepublik_A.glb,PENDING_USER_REVIEW,"GDR Palace of the Republic (Palast der Republik): long low modernist block (50x30x16m) with bronze mirror-glass curtain-wall facades (procedural mullion grid, metallic), white marble base + fascia/roof band. Iconic East Berlin landmark. 100% original. Ground pivot."
WB_AltbauRowhouse_A,West_Berlin_Architecture,WEST_Architecture_Final,12.40x13.40x16.60,34,0,6,"Facades = numpy procedural Altbau textures (3 bays, shops + ornate windows) embedded; stucco/cornice/roof constant PBR; image+factor export",01_Exports_FBX/West_Berlin_Architecture/WB_AltbauRowhouse_A.fbx,02_Exports_GLB/West_Berlin_Architecture/WB_AltbauRowhouse_A.glb,PENDING_USER_REVIEW,"COMPLETE narrow West Berlin Altbau infill rowhouse (12x13x15m, 5 floors): ornate-window stucco facades (slightly different tone), ground-floor shopfronts, cornice, mansard roof + dormers. Infill between larger buildings. 100% original. Ground pivot."
PROP_Playground_A,Vehicles_Props,VEHICLES_Props_Final,8.13x2.66x2.60,254,0,7,"Constant PBR (red/blue/yellow/metal/wood/sand/chute); factor export",01_Exports_FBX/Vehicles_Props/PROP_Playground_A.fbx,02_Exports_GLB/Vehicles_Props/PROP_Playground_A.glb,PENDING_USER_REVIEW,"GDR courtyard playground (Spielplatz): blue slide (platform+ladder+yellow-rail chute), wooden sandbox with sand, metal swing set with 2 red seats on chains. Colourful residential-courtyard atmosphere. 100% original. Ground pivot."
PROP_Hedge_A,Vehicles_Props,VEHICLES_Props_Final,3.24x0.70x1.24,532,0,2,"Constant PBR foliage (noise colour ramp + bump) + soil; factor export",01_Exports_FBX/Vehicles_Props/PROP_Hedge_A.fbx,02_Exports_GLB/Vehicles_Props/PROP_Hedge_A.glb,PENDING_USER_REVIEW,"Modular hedge / shrub row (Hecke): overlapping clipped-foliage blobs on a soil strip, green foliage material (noise variation + bump). ~3m, modular. Park/courtyard greenery filler (pairs with PROP_Tree_A). 100% original. Ground pivot."
EB_ViaductArch_A,East_Berlin_Architecture,EAST_Architecture_Final,8.20x4.37x9.10,216,0,4,"Brick = numpy texture (Object-coord Mapping) + constant PBR stone/dark/rail; image+factor export",01_Exports_FBX/East_Berlin_Architecture/EB_ViaductArch_A.fbx,02_Exports_GLB/East_Berlin_Architecture/EB_ViaductArch_A.glb,PENDING_USER_REVIEW,"Berlin brick railway viaduct arch (Stadtbahn/S-Bahn, 8m modular): brick piers + spandrel, arched opening with stone voussoir ring + keystone, dark tunnel interior (passage/shop space below), top railway deck with parapet + rails. Modular — line up for a viaduct. 100% original. Ground pivot."
LANDMARK_BerlinerDom_A,Landmarks,LANDMARKS_Final,31.00x29.00x38.30,3258,0,5,"Sandstone facades = numpy procedural (arched windows+pilasters) embedded; sandstone/green-copper/gold constant PBR; image+factor export",01_Exports_FBX/Landmarks/LANDMARK_BerlinerDom_A.fbx,02_Exports_GLB/Landmarks/LANDMARK_BerlinerDom_A.glb,PENDING_USER_REVIEW,"Berlin Cathedral (Berliner Dom): sandstone mass with arched-window facades, central green-copper dome on a drum + lantern + gold cross, 4 corner cupolas with green domes + gold finials. ~38m. Iconic East Berlin landmark. 100% original. Ground pivot."
LANDMARK_KaiserWilhelmChurch_A,Landmarks,LANDMARKS_Final,35.67x17.37x46.35,324,0,4,"Constant PBR damaged sandstone (noise) + dark + emissive blue glass + clock; factor export",01_Exports_FBX/Landmarks/LANDMARK_KaiserWilhelmChurch_A.fbx,02_Exports_GLB/Landmarks/LANDMARK_KaiserWilhelmChurch_A.glb,PENDING_USER_REVIEW,"Kaiser Wilhelm Memorial Church (Gedaechtniskirche, 'the hollow tooth'): ruined octagonal sandstone tower with jagged broken top (war-damaged), arched-window recesses, clock face; beside it the modern octagonal blue-glass chapel (concrete ribs). ~46m. Iconic West Berlin Cold War memorial (intentionally preserved ruin). 100% original. Ground pivot."
LANDMARK_Reichstag_A,Landmarks,LANDMARKS_Final,51.00x32.80x29.00,182,0,5,"Sandstone facades = numpy procedural (arched windows) embedded; sandstone/stone/roof constant PBR; image+factor export",01_Exports_FBX/Landmarks/LANDMARK_Reichstag_A.fbx,02_Exports_GLB/Landmarks/LANDMARK_Reichstag_A.glb,PENDING_USER_REVIEW,"Reichstag building (Cold War era, no dome): large sandstone neoclassical block with arched-window facades, central 6-column portico + entablature + triangular pediment + frieze, 4 corner pavilion towers, roof balustrade. ~29m. West Berlin landmark (right at the Wall). 100% original. Ground pivot."
LANDMARK_WaterTower_A,Landmarks,LANDMARKS_Final,23.00x23.00x38.20,449,0,4,"Brick = numpy texture (Object-coord Mapping) + constant PBR roof/stone/dark windows; image+factor export",01_Exports_FBX/Landmarks/LANDMARK_WaterTower_A.fbx,02_Exports_GLB/Landmarks/LANDMARK_WaterTower_A.glb,PENDING_USER_REVIEW,"Berlin brick water tower (Wasserturm 'Dicker Hermann', Prenzlauer Berg): round brick base building (2 window bands) + central brick shaft + wider brick tank drum (round windows) + conical roof + finial, stone cornices. ~38m. Iconic East Berlin landmark. 100% original. Ground pivot."
PROP_UtilityCabinet_A,Vehicles_Props,VEHICLES_Props_Final,1.06x0.51x1.40,90,0,6,"Constant PBR (green metal/dark/steel/base + sticker accents); factor export",01_Exports_FBX/Vehicles_Props/PROP_UtilityCabinet_A.fbx,02_Exports_GLB/Vehicles_Props/PROP_UtilityCabinet_A.glb,PENDING_USER_REVIEW,"Green street utility/telecom cabinet (Kabelverzweiger): green metal body with door seam + hinges + handles + louvered vents, sloped top, base plinth, a couple of stickers. Common sidewalk street detail. 100% original. Ground pivot."
PROP_MarketStall_A,Vehicles_Props,VEHICLES_Props_Final,2.70x1.27x2.41,477,0,6,"Striped canopy = numpy texture embedded; wood/pole/crate/produce constant PBR; image+factor export",01_Exports_FBX/Vehicles_Props/PROP_MarketStall_A.fbx,02_Exports_GLB/Vehicles_Props/PROP_MarketStall_A.glb,PENDING_USER_REVIEW,"Market stall (Wochenmarkt Marktstand): wooden counter on legs, red/white striped awning (procedural) on poles + valance, 3 crates of colourful produce. Plaza/market atmosphere (pairs with PROP_Crates_A). 100% original. Ground pivot."
PROP_Kiosk_A,Vehicles_Props,VEHICLES_Props_Final,2.50x2.85x2.66,162,0,12,"Constant PBR (teal metal/cream/dark glass/roof + emissive red sign + paper accents); factor export",01_Exports_FBX/Vehicles_Props/PROP_Kiosk_A.fbx,02_Exports_GLB/Vehicles_Props/PROP_Kiosk_A.glb,PENDING_USER_REVIEW,"Street newspaper/snack kiosk (Zeitungskiosk/Imbiss): teal painted metal booth, serving window (dark glass + mullion), cream counter ledge, red sign band, small canopy over window, flat roof, row of colourful newspapers/magazines on the counter. Classic GDR street feature. 100% original. Ground pivot."
PROP_LitfassColumn_A,Vehicles_Props,VEHICLES_Props_Final,1.72x1.72x3.95,145,0,3,"Poster collage = numpy texture (cylinder-projected UV) embedded; green/base constant PBR; image+factor export",01_Exports_FBX/Vehicles_Props/PROP_LitfassColumn_A.fbx,02_Exports_GLB/Vehicles_Props/PROP_LitfassColumn_A.glb,PENDING_USER_REVIEW,"Advertising column (Litfassaeule): cylindrical pillar wrapped in a colourful procedural poster collage (title bands, text lines, image blocks), green conical top + finial, base ring. ~4m. Classic German street furniture. 100% original. Ground pivot."
PROP_PhoneBooth_A,Vehicles_Props,VEHICLES_Props_Final,1.12x1.14x2.62,120,0,6,"Constant PBR alu/blue panel/phone/steel + emissive red sign + glass (Transmission 1.0); factor export",01_Exports_FBX/Vehicles_Props/PROP_PhoneBooth_A.fbx,02_Exports_GLB/Vehicles_Props/PROP_PhoneBooth_A.glb,PENDING_USER_REVIEW,"Public telephone booth (Telefonzelle): aluminium-frame glass box with blue-grey lower panels, transparent glass upper, door + handle, interior phone unit + shelf + handset, red illuminated TELEFON sign on top. ~2.6m. Classic Cold War street feature. 100% original. Ground pivot."
PROP_Wartburg353_A,Vehicles_Props,VEHICLES_Props_Final,4.30x1.82x1.43,692,0,7,"Constant PBR body/glass/chrome/tire/hub/light/red; factor export",01_Exports_FBX/Vehicles_Props/PROP_Wartburg353_A.fbx,02_Exports_GLB/Vehicles_Props/PROP_Wartburg353_A.glb,PENDING_USER_REVIEW,"Wartburg 353 sedan (GDR family car, stylized low-poly): boxy 3-box body (bevelled) + greenhouse cabin with dark glass, chrome bumpers + grille, headlights/taillights, 4 wheels with hubs. Pale body. Rounds out GDR vehicle set (with Trabant). 100% original (modelled from scratch). Ground pivot."
PROP_Mailbox_A,Vehicles_Props,VEHICLES_Props_Final,0.50x0.39x1.68,151,0,6,"Post-horn emblem = numpy texture embedded; yellow/dark/post/plate constant PBR; image+factor export",01_Exports_FBX/Vehicles_Props/PROP_Mailbox_A.fbx,02_Exports_GLB/Vehicles_Props/PROP_Mailbox_A.glb,PENDING_USER_REVIEW,"Deutsche Post mailbox (Briefkasten): yellow post box on two legs, sloped lid, mail slot + lip, post-horn emblem (procedural), white collection-time plate. ~1.7m. Classic German/GDR street feature. 100% original. Ground pivot."
EB_CentrumWarenhaus_A,East_Berlin_Architecture,EAST_Architecture_Final,41.50x29.50x24.00,188,0,5,"Aluminium honeycomb relief facade = numpy quilted-cell texture (metallic + bump) embedded; glass/frame/emissive-red constant PBR; image+factor export",01_Exports_FBX/East_Berlin_Architecture/EB_CentrumWarenhaus_A.fbx,02_Exports_GLB/East_Berlin_Architecture/EB_CentrumWarenhaus_A.glb,PENDING_USER_REVIEW,"Centrum department store (Centrum Warenhaus, Alexanderplatz): large block clad in the iconic aluminium honeycomb/quilted relief facade (procedural metallic cells + bump), ground-floor glass shopfront + mullions + canopy, parapet roof, red CENTRUM sign band. ~24m. Iconic GDR architecture landmark. 100% original. Ground pivot."
EB_KinoInternational_A,East_Berlin_Architecture,EAST_Architecture_Final,35.80x18.00x14.70,141,0,6,"Frieze mural band = numpy texture (bump) embedded; travertine/frame/glass(Transmission)/red/gold constant PBR; image+factor export",01_Exports_FBX/East_Berlin_Architecture/EB_KinoInternational_A.fbx,02_Exports_GLB/East_Berlin_Architecture/EB_KinoInternational_A.glb,PENDING_USER_REVIEW,"Kino International (Karl-Marx-Allee modernist cinema): glass-fronted lobby podium (set back, mullions) + cantilevered travertine upper box overhanging the front, upper glass band, sculptural socialist-realist frieze mural band (procedural relief), roof slab overhang, red vertical sign with gold lettering. ~15m. Iconic GDR modernist architecture. 100% original. Ground pivot."
EB_Tankstelle_A,East_Berlin_Architecture,EAST_Architecture_Final,16.45x11.00x6.42,155,0,9,"Constant PBR canopy/orange-band(emissive)/columns/pump/blue/dark/wall/concrete + glass(Transmission); factor export",01_Exports_FBX/East_Berlin_Architecture/EB_Tankstelle_A.fbx,02_Exports_GLB/East_Berlin_Architecture/EB_Tankstelle_A.glb,PENDING_USER_REVIEW,"GDR petrol station (Minol Tankstelle): flat canopy with orange brand band on columns, 2 fuel pumps (blue tops + displays + nozzle holders), attendant kiosk building (glass window + door + orange roof band), concrete forecourt, tall orange disc sign pole. Minol orange/blue palette. ~6m. 100% original. Ground pivot."
PROP_BusShelter_A,Vehicles_Props,VEHICLES_Props_Final,4.24x2.13x3.00,147,0,7,"Timetable poster = numpy texture embedded; green frame/roof/bench/yellow-sign/dark constant PBR + glass(Transmission); image+factor export",01_Exports_FBX/Vehicles_Props/PROP_BusShelter_A.fbx,02_Exports_GLB/Vehicles_Props/PROP_BusShelter_A.glb,PENDING_USER_REVIEW,"Bus stop shelter (Wartehaeuschen): green-frame shelter with sloped roof on posts, glass back + side panels, wooden bench with backrest, timetable poster panel (procedural), H-shaped bus-stop sign on a pole. ~3m. Transit street furniture (pairs with PROP_TramStop). 100% original. Ground pivot."
EB_Kaufhalle_A,East_Berlin_Architecture,EAST_Architecture_Final,24.60x14.73x5.70,136,0,7,"Prefab panel side walls = numpy texture embedded; white/frame/red(emissive)/door/roof constant PBR + glass(Transmission); image+factor export",01_Exports_FBX/East_Berlin_Architecture/EB_Kaufhalle_A.fbx,02_Exports_GLB/East_Berlin_Architecture/EB_Kaufhalle_A.glb,PENDING_USER_REVIEW,"GDR neighbourhood supermarket (Kaufhalle): long low single-storey hall, continuous glass shopfront (mullions) + central entrance doors + spandrel, prefab concrete panel side/back walls, white roof fascia band with red KAUFHALLE sign, flat roof + vents. ~24m, modular. Common GDR Wohngebiet building. 100% original. Ground pivot."
PROP_StreetClock_A,Vehicles_Props,VEHICLES_Props_Final,1.24x0.70x4.45,112,0,3,"Clock face (ticks + hands ~10:10) = numpy texture embedded; dark cast metal + gold constant PBR; image+factor export",01_Exports_FBX/Vehicles_Props/PROP_StreetClock_A.fbx,02_Exports_GLB/Vehicles_Props/PROP_StreetClock_A.glb,PENDING_USER_REVIEW,"Public street clock pillar (Normaluhr): dark cast-metal pole + base + decorative gold collar, round two-sided clock head with white face (hour ticks + hands, procedural), finial. ~4.4m. Classic street furniture. 100% original. Ground pivot."
PROP_TowerCrane_A,Vehicles_Props,VEHICLES_Props_Final,26.06x4.00x28.27,1734,0,5,"Constant PBR yellow/grey/dark/blue-cab/concrete; factor export",01_Exports_FBX/Vehicles_Props/PROP_TowerCrane_A.fbx,02_Exports_GLB/Vehicles_Props/PROP_TowerCrane_A.glb,PENDING_USER_REVIEW,"Construction tower crane (Baukran): yellow lattice mast (chords + horizontal + diagonal bracing) on concrete pad, slewing platform + blue operator cab, long horizontal lattice jib, counter-jib with concrete counterweight, A-frame apex + tie bars, trolley + cable + hook block. ~28m tall. Era-appropriate for GDR Plattenbau construction sites. 100% original. Ground pivot."
PROP_Scaffolding_A,Vehicles_Props,VEHICLES_Props_Final,5.18x1.08x6.24,446,0,4,"Constant PBR tube/blue-standard/plank/toe; factor export",01_Exports_FBX/Vehicles_Props/PROP_Scaffolding_A.fbx,02_Exports_GLB/Vehicles_Props/PROP_Scaffolding_A.glb,PENDING_USER_REVIEW,"Modular construction scaffolding (Baugeruest): blue vertical standards + metal ledgers/transoms, diagonal braces on outer face, wooden working-platform planks at 3 lifts + toe boards, base plates. ~5x6m, tileable horizontally/vertically to wrap a facade. Pairs with PROP_TowerCrane_A. 100% original. Ground pivot."
PROP_SiteContainer_A,Vehicles_Props,VEHICLES_Props_Final,6.12x2.69x2.88,120,0,7,"Corrugated steel = numpy ridge texture (Object Mapping, metallic+bump) embedded; frame/door/roof/skid/handle + glass; image+factor export",01_Exports_FBX/Vehicles_Props/PROP_SiteContainer_A.fbx,02_Exports_GLB/Vehicles_Props/PROP_SiteContainer_A.glb,PENDING_USER_REVIEW,"Construction site office container (Baucontainer): blue corrugated-steel box with corner posts + frame rails, orange door + handle, two framed windows, roof, skid feet. ~6m. Construction-site prop (pairs with TowerCrane + Scaffolding). 100% original. Ground pivot."
PROP_PanelStack_A,Vehicles_Props,VEHICLES_Props_Final,4.77x6.27x3.79,114,0,4,"Concrete panel (window opening + seams) = numpy texture embedded; rusty steel rack + edge constant PBR; image+factor export",01_Exports_FBX/Vehicles_Props/PROP_PanelStack_A.fbx,02_Exports_GLB/Vehicles_Props/PROP_PanelStack_A.glb,PENDING_USER_REVIEW,"Precast Plattenbau wall-panel stack (Plattentransportgestell): concrete wall panels (some with window openings, procedural) leaning V-shape on an A-frame steel transport rack from both sides, base rails + edge protectors. GDR-specific construction-site element. 100% original. Ground pivot."
PROP_BarkasB1000_A,Vehicles_Props,VEHICLES_Props_Final,4.43x1.91x1.93,668,0,8,"Constant PBR two-tone body/lower/glass/chrome/tire/hub/light/red; factor export",01_Exports_FBX/Vehicles_Props/PROP_BarkasB1000_A.fbx,02_Exports_GLB/Vehicles_Props/PROP_BarkasB1000_A.glb,PENDING_USER_REVIEW,"Barkas B1000 van (GDR cab-over box van, stylized low-poly): boxy two-tone body (cream/blue), near-vertical front windshield, cab + rear/side windows, sliding-door seam + handle, chrome bumpers + grille, headlights/taillights, 4 wheels (forward-control). The ubiquitous GDR delivery/ambulance/police van. 100% original (modelled from scratch). Ground pivot."
EB_Schule_A,East_Berlin_Architecture,EAST_Architecture_Final,36.40x18.60x11.80,59,0,7,"Ribbon-window school facade = numpy texture (ribbon glass + coloured spandrels + piers) embedded; concrete/frame/red/pole constant PBR + glass(Transmission); image+factor export",01_Exports_FBX/East_Berlin_Architecture/EB_Schule_A.fbx,02_Exports_GLB/East_Berlin_Architecture/EB_Schule_A.glb,PENDING_USER_REVIEW,"Standard GDR school (Typenschule / POS): 3-storey concrete block with continuous ribbon windows + alternating coloured spandrel bands (pale blue/cream/orange), piers, projecting glass entrance + canopy + red band, flagpole with red flag, parapet roof. ~36m. Common GDR civic building. 100% original. Ground pivot."
PROP_LindenTree_A,Vehicles_Props,VEHICLES_Props_Final,7.00x7.10x9.94,684,0,2,"Procedural bark (noise bump) + foliage (noise colour ramp + bump); decimated 0.5; factor export",01_Exports_FBX/Vehicles_Props/PROP_LindenTree_A.fbx,02_Exports_GLB/Vehicles_Props/PROP_LindenTree_A.glb,PENDING_USER_REVIEW,"Large linden street tree (Linde, as on Unter den Linden): tapered bark trunk + 5 branches, full rounded crown from overlapping foliage blobs (deep green noise material). ~10m. Larger fuller variant alongside PROP_Tree_A / Hedge / Planter for street/park greenery. 100% original. Ground pivot."
PROP_SBahnCar_A,Vehicles_Props,VEHICLES_Props_Final,19.00x3.04x4.03,256,0,6,"Two-tone livery+windows+doors = numpy side texture embedded; red/ochre/roof/dark/metal constant PBR; image+factor export",01_Exports_FBX/Vehicles_Props/PROP_SBahnCar_A.fbx,02_Exports_GLB/Vehicles_Props/PROP_SBahnCar_A.glb,PENDING_USER_REVIEW,"Berlin S-Bahn carriage (classic wine-red / ochre-yellow livery): long body with procedural side livery (window band + 3 sliding doors), curved roof, end windows + ochre band, underframe, 2 bogies with wheels, couplers. ~19m. Iconic Berlin rail vehicle (third-rail, no pantograph). 100% original. Ground pivot."
PROP_RailTrack_A,Roads_Infrastructure,ROADS_Infrastructure_Final,10.00x4.05x0.76,242,0,7,"Procedural ballast (noise bump) + constant PBR sleeper/rail/railhead/third/cover/insulator; factor export",01_Exports_FBX/Roads_Infrastructure/PROP_RailTrack_A.fbx,02_Exports_GLB/Roads_Infrastructure/PROP_RailTrack_A.glb,PENDING_USER_REVIEW,"Modular heavy-rail track section (S-Bahn): ballast bed (procedural gravel) + concrete sleepers, two running rails (standard gauge, worn rail heads), third rail on insulators with wooden protective cover board + brackets. 10m, tileable end-to-end. Pairs with PROP_SBahnCar_A. 100% original. Ground pivot."
PROP_SBahnPlatform_A,Roads_Infrastructure,ROADS_Infrastructure_Final,16.20x4.00x4.62,186,0,8,"Station name sign + S logo = numpy texture embedded; platform/yellow-edge/green-col/roof/bench/dark + emissive green constant PBR; image+factor export",01_Exports_FBX/Roads_Infrastructure/PROP_SBahnPlatform_A.fbx,02_Exports_GLB/Roads_Infrastructure/PROP_SBahnPlatform_A.glb,PENDING_USER_REVIEW,"S-Bahn station platform (modular): raised concrete platform with yellow safety-edge strips, green columns + long canopy roof, hanging station name sign (procedural green/white), green S-Bahn logo disc, two benches, lamp post. ~16m, tileable. Pairs with PROP_RailTrack_A + PROP_SBahnCar_A. 100% original. Ground pivot."
EB_GarageRow_A,East_Berlin_Architecture,EAST_Architecture_Final,17.80x5.95x2.81,84,0,9,"Ribbed metal doors (6 colours) = numpy texture (bump) embedded; render/roof/pier constant PBR; image+factor export",01_Exports_FBX/East_Berlin_Architecture/EB_GarageRow_A.fbx,02_Exports_GLB/East_Berlin_Architecture/EB_GarageRow_A.glb,PENDING_USER_REVIEW,"Row of individual garages (GDR Garagenhof): long low block of 6 garage bays, each with a ribbed metal up-and-over door in a different weathered colour, concrete piers + header, flat roof. ~18m, tileable. Very common GDR set-dressing (allotment/courtyard car garages). 100% original. Ground pivot."
PROP_StreetNameSign_A,Roads_Infrastructure,ROADS_Infrastructure_Final,0.96x0.28x2.60,44,0,3,"Street-name + number plate = numpy textures embedded; metal pole constant PBR; image+factor export",01_Exports_FBX/Roads_Infrastructure/PROP_StreetNameSign_A.fbx,02_Exports_GLB/Roads_Infrastructure/PROP_StreetNameSign_A.glb,PENDING_USER_REVIEW,"Berlin street name sign (Strassenschild): metal pole + base, two-sided main name board (white field, blue header bar, procedural name text) + smaller two-sided number/district plate (red bar). ~2.6m. Street-corner detail. 100% original. Ground pivot."
PROP_TrafficLight_A,Roads_Infrastructure,ROADS_Infrastructure_Final,3.35x0.63x5.11,286,0,7,"Constant PBR pole/housing/amber/green + emissive red & ped-red; factor export",01_Exports_FBX/Roads_Infrastructure/PROP_TrafficLight_A.fbx,02_Exports_GLB/Roads_Infrastructure/PROP_TrafficLight_A.glb,PENDING_USER_REVIEW,"Traffic signal (Ampel): pole + base + horizontal mast arm, 3-aspect vehicle signal head (emissive red / amber / green + visors) hanging at arm end, second vehicle head on pole, pedestrian signal head (red/green), control box. ~5m. Intersection infrastructure (pairs with GDR_Ampelmann). 100% original. Ground pivot."
EB_Gartenlaube_A,East_Berlin_Architecture,EAST_Architecture_Final,4.49x4.00x5.34,118,0,9,"Plank siding = numpy texture (bump) embedded; trim/roof/door/glass/flower/chimney/post constant PBR; image+factor export",01_Exports_FBX/East_Berlin_Architecture/EB_Gartenlaube_A.fbx,02_Exports_GLB/East_Berlin_Architecture/EB_Gartenlaube_A.glb,PENDING_USER_REVIEW,"Allotment garden cabin (Kleingarten Laube / Datsche): small green plank-sided cottage with pitched red roof + ridge, door, window (white frame + mullion + flowerbox + shutters), porch overhang on posts, chimney. ~3.6m. Iconic GDR weekend-garden culture. 100% original. Ground pivot."
PROP_T34Tank_A,Vehicles_Props,VEHICLES_Props_Final,9.33x3.65x2.82,427,0,5,"Constant PBR olive hull/track/wheel/gun + red star; factor export",01_Exports_FBX/Vehicles_Props/PROP_T34Tank_A.fbx,02_Exports_GLB/Vehicles_Props/PROP_T34Tank_A.glb,PENDING_USER_REVIEW,"T-34 tank (stylized low-poly): olive hull with sloped glacis + rear, tracks with 5 road wheels + drive/idler each side + fenders, rounded beveled turret + sloped front + cupola, mantlet + gun barrel + muzzle, red star, rear fuel drums. ~6m hull. Soviet war-memorial / NVA display tank for the Cold War theme. 100% original (modelled from scratch). Ground pivot."
PROP_DoubleDeckerBus_A,Vehicles_Props,VEHICLES_Props_Final,11.19x2.77x5.10,238,0,9,"Two-deck livery+windows+door = numpy side textures embedded; yellow/glass/roof/tire/hub/dark/dest constant PBR; image+factor export",01_Exports_FBX/Vehicles_Props/PROP_DoubleDeckerBus_A.fbx,02_Exports_GLB/Vehicles_Props/PROP_DoubleDeckerBus_A.glb,PENDING_USER_REVIEW,"West Berlin double-decker bus (BVG Doppeldecker): tall yellow body with two procedural window rows (upper + lower deck) + belt line + door, front/rear windscreens, destination sign, roof, skirt + 4 wheels, bumpers. ~11m. Iconic West Berlin transit (counterpart to East's Ikarus). 100% original. Ground pivot."
PROP_RooftopNeon_A,Vehicles_Props,VEHICLES_Props_Final,12.07x0.27x4.16,286,0,4,"Constant PBR steel frame + emissive red/yellow/cyan neon tubes (strength 6); factor export",01_Exports_FBX/Vehicles_Props/PROP_RooftopNeon_A.fbx,02_Exports_GLB/Vehicles_Props/PROP_RooftopNeon_A.glb,PENDING_USER_REVIEW,"Rooftop neon advertising sign (GDR Leuchtreklame, e.g. 'Plaste und Elaste'): steel support frame (rails + legs + diagonal bracing) holding a row of glowing neon-tube letter glyphs in alternating red/yellow/cyan (emissive). ~12m. Mount on a Plattenbau/building roof. 100% original. Ground pivot."
PROP_CarpetRack_A,Vehicles_Props,VEHICLES_Props_Final,3.18x0.40x1.79,80,0,3,"Rug oriental pattern = numpy texture embedded; metal frame constant PBR; image+factor export",01_Exports_FBX/Vehicles_Props/PROP_CarpetRack_A.fbx,02_Exports_GLB/Vehicles_Props/PROP_CarpetRack_A.glb,PENDING_USER_REVIEW,"Carpet-beating rack (GDR Teppichstange): two footed metal posts + 3 horizontal bars, with a red oriental-pattern rug (procedural: diamond medallion + border + corner motifs) draped over the top bar. ~3m. Iconic GDR Hinterhof (courtyard) detail. 100% original. Ground pivot."
PROP_Clothesline_A,Vehicles_Props,VEHICLES_Props_Final,4.10x0.90x2.00,178,0,8,"Constant PBR metal posts/line + 6 pastel cloth (double-sided); factor export",01_Exports_FBX/Vehicles_Props/PROP_Clothesline_A.fbx,02_Exports_GLB/Vehicles_Props/PROP_Clothesline_A.glb,PENDING_USER_REVIEW,"Clothesline with laundry (GDR Waescheleine): two T-posts + 3 strung lines, hanging washing (cloth planes in white/red/blue/yellow/green) with pegs. ~4m. Atmospheric GDR Hinterhof / balcony detail (pairs with PROP_CarpetRack_A). 100% original. Ground pivot."
PROP_MemorialPlinth_A,GDR_Symbols,GDR_Symbols_Final,5.00x4.00x2.95,175,0,5,"Granite (procedural noise) + bronze plaque (numpy: star + engraved text) embedded; grey-step/chain constant PBR; image+factor export",01_Exports_FBX/GDR_Symbols/PROP_MemorialPlinth_A.fbx,02_Exports_GLB/GDR_Symbols/PROP_MemorialPlinth_A.glb,PENDING_USER_REVIEW,"Memorial plinth / pedestal: stepped grey-granite base + red-granite plinth block (procedural granite) with bronze plaque (star + engraved text), cap + top platform for a statue/tank, corner bollards with draped chains. ~3m. Base for PROP_T34Tank / GDR_LeninStatue / Soviet memorial. 100% original. Ground pivot."
PROP_RoadBarrier_A,Roads_Infrastructure,ROADS_Infrastructure_Final,2.40x0.95x1.55,144,0,5,"Diagonal red/white stripe = numpy texture embedded; leg/foot/dark constant PBR + emissive amber beacon; image+factor export",01_Exports_FBX/Roads_Infrastructure/PROP_RoadBarrier_A.fbx,02_Exports_GLB/Roads_Infrastructure/PROP_RoadBarrier_A.glb,PENDING_USER_REVIEW,"Roadworks barrier (Absperrschranke): two red/white diagonally-striped boards (two-sided) on A-frame legs + feet, amber warning beacon (emissive) on top. ~2.4m. Construction / road-closure set-dressing (pairs with PROP_TowerCrane / SiteContainer). 100% original. Ground pivot."
PROP_GardenFence_A,Vehicles_Props,VEHICLES_Props_Final,3.23x0.12x1.19,180,0,2,"Procedural wood (noise bump) post + wood; factor export",01_Exports_FBX/Vehicles_Props/PROP_GardenFence_A.fbx,02_Exports_GLB/Vehicles_Props/PROP_GardenFence_A.glb,PENDING_USER_REVIEW,"Garden criss-cross fence (Jaegerzaun): capped posts + top/bottom rails + diagonal laths crossing in the classic X / diamond pattern. ~2.5m, tileable. Pairs with EB_Gartenlaube (allotment garden). 100% original. Ground pivot."
PROP_Multicar_A,Vehicles_Props,VEHICLES_Props_Final,3.60x1.54x2.22,394,0,9,"Constant PBR orange cab/bed/glass/chrome/tire/hub/light/dark/beacon; factor export",01_Exports_FBX/Vehicles_Props/PROP_Multicar_A.fbx,02_Exports_GLB/Vehicles_Props/PROP_Multicar_A.glb,PENDING_USER_REVIEW,"Multicar M25 (GDR municipal small utility truck, stylized low-poly): orange cab-over cab (windshield + side windows + grille + headlights + bumper), tipper/flatbed with wooden sides, chassis, 4 wheels, roof beacon. ~3.6m. Ubiquitous GDR city-services vehicle. 100% original (modelled from scratch). Ground pivot."
EB_HausDesLehrers_A,East_Berlin_Architecture,EAST_Architecture_Final,28.36x22.36x38.80,36,0,5,"Glass curtain wall + mosaic frieze = numpy textures embedded; frame/podium constant PBR; image+factor export",01_Exports_FBX/East_Berlin_Architecture/EB_HausDesLehrers_A.fbx,02_Exports_GLB/East_Berlin_Architecture/EB_HausDesLehrers_A.glb,PENDING_USER_REVIEW,"Haus des Lehrers (Alexanderplatz): blue glass curtain-wall tower on a glass podium, with the signature colourful ceramic mosaic frieze band (Womacka 'Unser Leben', procedural figures+tiles) wrapping the building between podium and tower, flat roof. ~39m. Iconic GDR modernist landmark. 100% original. Ground pivot."
LANDMARK_Funkturm_A,Landmarks,LANDMARKS_Final,15.45x15.45x67.57,1368,0,4,"Constant PBR red-brown steel/pod/glass + emissive red beacon; factor export",01_Exports_FBX/Landmarks/LANDMARK_Funkturm_A.fbx,02_Exports_GLB/Landmarks/LANDMARK_Funkturm_A.glb,PENDING_USER_REVIEW,"Berlin Funkturm ('Langer Lulatsch', West Berlin radio tower): tall tapered lattice steel tower (4 legs + horizontal + X-diagonal bracing per segment), restaurant pod (glass band) partway up, observation platform near top, antenna mast + red beacon. ~68m. Iconic West Berlin landmark (counterpart to East's Fernsehturm). 100% original. Ground pivot."
PROP_CafeAchteck_A,Vehicles_Props,VEHICLES_Props_Final,3.60x3.60x4.30,189,0,4,"Constant PBR dark-green cast iron (2 tones)/dark/gold; factor export",01_Exports_FBX/Vehicles_Props/PROP_CafeAchteck_A.fbx,02_Exports_GLB/Vehicles_Props/PROP_CafeAchteck_A.glb,PENDING_USER_REVIEW,"Cafe Achteck (historic Berlin octagonal cast-iron public urinal): 8-sided dark-green iron structure with panelled walls (decorative insets) + corner posts + entablature ring, octagonal pyramid roof + gold finial, entrance opening with privacy screen, sign band. ~2.8m. Iconic historic Berlin street object (still common in the Cold War era). 100% original. Ground pivot."
PROP_WaterPump_A,Vehicles_Props,VEHICLES_Props_Final,0.70x1.66x2.28,165,0,4,"Constant PBR green cast iron/dark/grate/gold; factor export",01_Exports_FBX/Vehicles_Props/PROP_WaterPump_A.fbx,02_Exports_GLB/Vehicles_Props/PROP_WaterPump_A.glb,PENDING_USER_REVIEW,"Cast-iron hand water pump (Berlin Schwengelpumpe): green tapered iron column with gold band, decorative head + gold finial, pump lever handle, curved front spout, base with drainage grate. ~2.3m. Historic Berlin street object. 100% original. Ground pivot."
PROP_ChessTable_A,Vehicles_Props,VEHICLES_Props_Final,0.85x2.42x0.90,94,0,3,"Checkerboard top = numpy texture (cube-projected) embedded; stone/seat constant PBR; image+factor export",01_Exports_FBX/Vehicles_Props/PROP_ChessTable_A.fbx,02_Exports_GLB/Vehicles_Props/PROP_ChessTable_A.glb,PENDING_USER_REVIEW,"Public park chess table: square stone table with an 8x8 checkerboard top (procedural) + stone border on a central pedestal + foot, two round fixed seats on pedestals either side. ~2.4m wide. GDR park amenity (pairs with benches/trees). 100% original. Ground pivot."
PROP_SectorSign_A,Checkpoint,CHECKPOINT_Final,3.10x0.30x3.00,32,0,3,"Multilingual warning text = numpy texture embedded; post/frame constant PBR; image+factor export",01_Exports_FBX/Checkpoint/PROP_SectorSign_A.fbx,02_Exports_GLB/Checkpoint/PROP_SectorSign_A.glb,PENDING_USER_REVIEW,"Sector warning sign ('You are leaving the American Sector'): white two-sided board with dark frame on two posts + feet, four blocks of warning text (English / Russian / French / German, procedural). ~3m. Iconic Cold War Berlin checkpoint sign (pairs with Checkpoint kit). 100% original. Ground pivot."
PROP_WasteContainer_A,Vehicles_Props,VEHICLES_Props_Final,1.85x1.29x1.67,108,0,4,"Galvanized corrugated metal = numpy texture (Object Mapping, metallic+bump) embedded; blue lid/dark/wheel constant PBR; image+factor export",01_Exports_FBX/Vehicles_Props/PROP_WasteContainer_A.fbx,02_Exports_GLB/Vehicles_Props/PROP_WasteContainer_A.glb,PENDING_USER_REVIEW,"Large wheeled waste container (communal Muellcontainer): tapered galvanized corrugated-metal body, blue hinged lid, side handles, foot pedal, 4 caster wheels. ~1.6m. Street / courtyard refuse (pairs with PROP_TrashBin). 100% original. Ground pivot."
EB_KMATower_A,East_Berlin_Architecture,EAST_Architecture_Final,19.00x19.00x57.30,794,0,7,"Cream ceramic-tile facades = numpy textures (3 tiers) embedded; cream/dome/gold/column constant PBR; image+factor export",01_Exports_FBX/East_Berlin_Architecture/EB_KMATower_A.fbx,02_Exports_GLB/East_Berlin_Architecture/EB_KMATower_A.glb,PENDING_USER_REVIEW,"Stalinist domed tower (Karl-Marx-Allee / Frankfurter Tor style, Zuckerbaeckerstil): 3 tiered setbacks in cream ceramic tile (procedural facades + cornices), colonnaded drum (12 columns), green-copper dome cupola + lantern + gold finial. ~57m. Iconic East Berlin landmark architecture. 100% original. Ground pivot."
PROP_Motorcycle_A,Vehicles_Props,VEHICLES_Props_Final,2.08x0.76x1.10,260,0,8,"Constant PBR maroon tank/tire/rim/engine/seat/chrome/dark/lens; factor export",01_Exports_FBX/Vehicles_Props/PROP_Motorcycle_A.fbx,02_Exports_GLB/Vehicles_Props/PROP_Motorcycle_A.glb,PENDING_USER_REVIEW,"Motorcycle (MZ-style, stylized low-poly): two wheels (tire + rim + hub), maroon fuel tank, black seat + backrest, handlebars + grips, headlight, telescopic forks, engine block + cylinder, exhaust pipe + muffler, fenders, kickstand. ~2m. GDR youth-culture vehicle (also Volkspolizei). 100% original (modelled from scratch). Ground pivot."
PROP_RailSignal_A,Roads_Infrastructure,ROADS_Infrastructure_Final,0.50x0.58x5.25,222,0,7,"Constant PBR mast/screen/green/yellow/white/plate + emissive red; factor export",01_Exports_FBX/Roads_Infrastructure/PROP_RailSignal_A.fbx,02_Exports_GLB/Roads_Infrastructure/PROP_RailSignal_A.glb,PENDING_USER_REVIEW,"Railway light signal (Eisenbahnsignal): mast + base, tall signal screen with green/red(emissive)/yellow lamps + visors + white marker, red/white striped identification plate, climbing ladder. ~5.3m. Rail infrastructure (pairs with PROP_RailTrack / SBahnCar / SBahnPlatform). 100% original. Ground pivot."
PROP_CoalBriquettes_A,Vehicles_Props,VEHICLES_Props_Final,1.20x1.75x0.72,4758,0,2,"Procedural coal (2 tones, noise bump); bevelled briquettes; factor export",01_Exports_FBX/Vehicles_Props/PROP_CoalBriquettes_A.fbx,02_Exports_GLB/Vehicles_Props/PROP_CoalBriquettes_A.glb,PENDING_USER_REVIEW,"Stack of brown-coal briquettes (Braunkohlebriketts): neatly stacked block (alternating layer orientation, bevelled briquettes) + a few loose briquettes scattered in front. ~1.2m. Iconic GDR heating fuel (Ofenheizung / coal-cellar delivery). 100% original. Ground pivot."
EB_TrafoHaus_A,East_Berlin_Architecture,EAST_Architecture_Final,3.60x3.53x4.40,86,0,7,"High-voltage warning sign = numpy texture embedded; render wall (noise) + roof/door/dark/base/insulator constant PBR; image+factor export",01_Exports_FBX/East_Berlin_Architecture/EB_TrafoHaus_A.fbx,02_Exports_GLB/East_Berlin_Architecture/EB_TrafoHaus_A.glb,PENDING_USER_REVIEW,"Transformer station (Trafostation / Trafohaus): small render-walled utility building with hipped pyramid roof + eave, metal double door + louvers, yellow high-voltage warning sign (lightning, procedural), side vents, porcelain roof insulators, base. ~3.6m. Common GDR Wohngebiet utility building. 100% original. Ground pivot."
PROP_BicycleRack_A,Vehicles_Props,VEHICLES_Props_Final,4.00x0.92x1.12,454,0,2,"Constant PBR metal hoops + base; factor export",01_Exports_FBX/Vehicles_Props/PROP_BicycleRack_A.fbx,02_Exports_GLB/Vehicles_Props/PROP_BicycleRack_A.glb,PENDING_USER_REVIEW,"Bicycle rack (Fahrradstaender): row of 4 metal inverted-U hoops (Anlehnbuegel) on foot plates connected by a base rail. ~4m, tileable. Street amenity (pairs with PROP_Bicycle). 100% original. Ground pivot."
PROP_BeerCrates_A,Vehicles_Props,VEHICLES_Props_Final,0.89x0.65x0.54,1908,0,7,"Constant PBR crates (red/green/yellow/blue) + green/brown bottle glass + cap; factor export",01_Exports_FBX/Vehicles_Props/PROP_BeerCrates_A.fbx,02_Exports_GLB/Vehicles_Props/PROP_BeerCrates_A.glb,PENDING_USER_REVIEW,"Stack of beverage crates (Bierkasten / Getraenkekiste): 6 coloured plastic crates (red/green/yellow/blue) stacked 2x2+2, each filled with 12 bottles (green or brown glass + metal caps). ~0.9m. GDR everyday detail (shop deliveries, courtyards). 100% original. Ground pivot."
LANDMARK_GlienickeBridge_A,Landmarks,LANDMARKS_Final,35.00x8.20x7.03,642,0,3,"Constant PBR green steel/deck/pier; factor export",01_Exports_FBX/Landmarks/LANDMARK_GlienickeBridge_A.fbx,02_Exports_GLB/Landmarks/LANDMARK_GlienickeBridge_A.glb,PENDING_USER_REVIEW,"Glienicke Bridge ('Bridge of Spies'): single steel truss span — two trusses with straight bottom chord + arched (parabolic) top chord, vertical posts + diagonals, top lateral + X bracing, floor beams, deck + railings, end piers. Green painted steel. ~32m span. Iconic Cold War Berlin/Potsdam spy-exchange bridge. 100% original. Ground pivot."
PROP_BandstandPavilion_A,Vehicles_Props,VEHICLES_Props_Final,7.39x8.14x6.45,441,0,6,"Constant PBR stone base/cream column/green roof/iron balustrade/gold/wood floor; factor export",01_Exports_FBX/Vehicles_Props/PROP_BandstandPavilion_A.fbx,02_Exports_GLB/Vehicles_Props/PROP_BandstandPavilion_A.glb,PENDING_USER_REVIEW,"Park bandstand pavilion (Musikpavillon): octagonal raised wooden-floor stage on a stone base + steps, 8 cream columns + caps, green peaked octagonal roof + gold finial, green ironwork balustrade (balusters) between columns with an open entrance. ~6.5m. Park centrepiece (pairs with benches/trees/chess table). 100% original. Ground pivot."
PROP_CarTrailer_A,Vehicles_Props,VEHICLES_Props_Final,2.71x1.69x1.03,212,0,6,"Constant PBR grey body/wood bed/dark/tire/hub/red light; factor export",01_Exports_FBX/Vehicles_Props/PROP_CarTrailer_A.fbx,02_Exports_GLB/Vehicles_Props/PROP_CarTrailer_A.glb,PENDING_USER_REVIEW,"Small car cargo trailer (GDR Anhaenger HP400 style): wood bed + grey metal slat sides + posts, single axle with 2 wheels + hubs + fenders, A-frame drawbar + hitch coupling + jockey wheel, tail lights. ~2.7m. Towed behind Trabant/Wartburg. 100% original (modelled from scratch). Ground pivot."
PROP_FerrisWheel_A,Vehicles_Props,VEHICLES_Props_Final,16.70x4.00x17.17,972,0,7,"Constant PBR steel/hub + 4 gondola colours/seat; factor export",01_Exports_FBX/Vehicles_Props/PROP_FerrisWheel_A.fbx,02_Exports_GLB/Vehicles_Props/PROP_FerrisWheel_A.glb,PENDING_USER_REVIEW,"Ferris wheel (Riesenrad, Spreepark Planterwald style): large vertical wheel — twin rims + spokes from a central hub/axle, 16 colourful gondolas (red/blue/yellow/green) hanging on the rim, A-frame leg supports + feet, base platform. ~17m. GDR amusement-park leisure landmark. 100% original. Ground pivot."
GDR_FlagArray_A,GDR_Symbols,GDR_Symbols_Final,9.60x0.80x7.30,531,0,5,"GDR tricolor+emblem flag = numpy texture embedded; pole/gold/base + red flag constant PBR (waved planes); image+factor export",01_Exports_FBX/GDR_Symbols/GDR_FlagArray_A.fbx,02_Exports_GLB/GDR_Symbols/GDR_FlagArray_A.glb,PENDING_USER_REVIEW,"Parade flag array (Fahnenappell): row of 5 flagpoles + gold finials on a base planter, 4 red flags + 1 central GDR national flag (black-red-gold tricolour + state emblem, procedural), flags lightly waved. ~9.6m. GDR parade / official decoration. 100% original. Ground pivot."
PROP_VendingMachine_A,Vehicles_Props,VEHICLES_Props_Final,0.61x0.54x1.96,41,0,4,"Product grid front (cigarette packs + coin slot) = numpy texture embedded; metal body/dark constant PBR; image+factor export",01_Exports_FBX/Vehicles_Props/PROP_VendingMachine_A.fbx,02_Exports_GLB/Vehicles_Props/PROP_VendingMachine_A.glb,PENDING_USER_REVIEW,"Cigarette vending machine (Zigarettenautomat): metal box on a post, front panel with a grid of colourful cigarette packs + pull-knob slots + coin slot (procedural), roof, dispensing tray. ~2m. Common German/GDR street object. 100% original. Ground pivot."
PROP_NoticeCase_A,GDR_Symbols,GDR_Symbols_Final,1.60x0.30x1.88,40,0,6,"Newspaper pages (ND masthead + columns + photo) = numpy texture embedded; green frame/post/roof constant PBR + low-alpha glass; image+factor export",01_Exports_FBX/GDR_Symbols/PROP_NoticeCase_A.fbx,02_Exports_GLB/GDR_Symbols/PROP_NoticeCase_A.glb,PENDING_USER_REVIEW,"Public notice display case (Schaukasten): green-framed glazed case on two legs, backing showing two newspaper pages (Neues Deutschland masthead + text columns + photo, procedural) behind a glass pane, little roof. ~1.9m. GDR public-information street object. NOTE: glass occludes content in the preview render but geometry is correct. 100% original. Ground pivot."
GDR_SovietMemorial_Treptow_A,GDR_Symbols,GDR_Symbols_Final,10.00x10.00x8.78,2798,0,3,"Bronze patina (procedural noise) + grassy mound + stone constant PBR; factor export",01_Exports_FBX/GDR_Symbols/GDR_SovietMemorial_Treptow_A.fbx,02_Exports_GLB/GDR_Symbols/GDR_SovietMemorial_Treptow_A.glb,PENDING_USER_REVIEW,"Soviet War Memorial Treptow ('Der Befreier' liberator soldier, stylized): green-patina bronze soldier on a stone plinth atop a grassy mound — helmet + head, flared greatcoat, lowered sword in left hand, a rescued child cradled in the right arm, cape. ~9m. THE iconic East Berlin Soviet Cold War memorial (Treptower Park). 100% original (modelled from scratch). Ground pivot."
